classes,initialization,seed,train_documents,test_documents,correct,accuracy,macro_f1,train_seconds,predict_seconds,classifier_vocabulary
2,pretrained,42,96,24,24,1.0,1.0,4.381261600000016,0.004666499999984808,59416
2,scratch,42,96,24,14,0.5833333333333334,0.4957983193277311,0.5503031999996892,0.004729000000224914,7154
4,pretrained,42,192,48,46,0.9583333333333334,0.9582971014492753,4.93694269999969,0.008743700000195531,59982
4,scratch,42,192,48,22,0.4583333333333333,0.3185483870967742,1.1220181999997294,0.007513200000175857,12599
8,pretrained,42,384,96,84,0.875,0.8724246586746587,5.9742590999999265,0.0145103999998355,60884
8,scratch,42,384,96,31,0.3229166666666667,0.18707386363636364,2.177132100000108,0.017690199999833567,19536
2,pretrained,43,96,24,24,1.0,1.0,4.385279799999807,0.0046327000000019325,59416
2,scratch,43,96,24,15,0.625,0.5636363636363637,0.5789562999998452,0.0043629000001601526,7154
4,pretrained,43,192,48,46,0.9583333333333334,0.9582971014492753,4.9114613000001555,0.008190800000193121,59982
4,scratch,43,192,48,22,0.4583333333333333,0.3185483870967742,1.084996300000057,0.0076850000000376895,12599
8,pretrained,43,384,96,84,0.875,0.8724246586746587,5.899350199999844,0.015701199999966775,60884
8,scratch,43,384,96,20,0.20833333333333334,0.11423220973782772,2.0390137999997933,0.015516899999965972,19536
2,pretrained,44,96,24,24,1.0,1.0,4.37125130000004,0.004635400000097434,59416
2,scratch,44,96,24,15,0.625,0.5636363636363637,0.5572615000000951,0.0041581000000405766,7154
4,pretrained,44,192,48,46,0.9583333333333334,0.9582971014492753,4.940599500000189,0.008194000000003143,59982
4,scratch,44,192,48,19,0.3958333333333333,0.26322115384615385,1.145520800000213,0.008392499999899883,12599
8,pretrained,44,384,96,84,0.875,0.8724246586746587,5.893563200000244,0.015463200000340294,60884
8,scratch,44,384,96,33,0.34375,0.22157148407148408,2.0633687999998074,0.014255000000048312,19536
