initialization,epoch,seed,split,uid,actual,predicted,correct
pretrained,25,42,train,0,体育,体育,True
pretrained,25,42,train,1,体育,体育,True
pretrained,25,42,train,2,体育,体育,True
pretrained,25,42,train,3,体育,体育,True
pretrained,25,42,train,4,体育,体育,True
pretrained,25,42,train,5,体育,体育,True
pretrained,25,42,train,6,体育,体育,True
pretrained,25,42,train,7,体育,体育,True
pretrained,25,42,train,8,体育,体育,True
pretrained,25,42,train,9,体育,体育,True
pretrained,25,42,train,10,体育,体育,True
pretrained,25,42,train,11,体育,体育,True
pretrained,25,42,train,12,体育,体育,True
pretrained,25,42,train,13,体育,体育,True
pretrained,25,42,train,14,体育,体育,True
pretrained,25,42,train,15,体育,体育,True
pretrained,25,42,train,16,体育,体育,True
pretrained,25,42,train,17,体育,体育,True
pretrained,25,42,train,18,体育,体育,True
pretrained,25,42,train,19,体育,体育,True
pretrained,25,42,train,20,体育,体育,True
pretrained,25,42,train,21,体育,体育,True
pretrained,25,42,train,22,体育,体育,True
pretrained,25,42,train,23,体育,体育,True
pretrained,25,42,train,24,体育,体育,True
pretrained,25,42,train,25,体育,体育,True
pretrained,25,42,train,26,体育,体育,True
pretrained,25,42,train,27,体育,体育,True
pretrained,25,42,train,28,体育,体育,True
pretrained,25,42,train,29,体育,体育,True
pretrained,25,42,train,30,体育,体育,True
pretrained,25,42,train,31,体育,体育,True
pretrained,25,42,train,32,体育,体育,True
pretrained,25,42,train,33,体育,体育,True
pretrained,25,42,train,34,体育,体育,True
pretrained,25,42,train,35,体育,体育,True
pretrained,25,42,train,36,体育,体育,True
pretrained,25,42,train,37,体育,体育,True
pretrained,25,42,train,38,体育,体育,True
pretrained,25,42,train,39,体育,体育,True
pretrained,25,42,train,40,体育,体育,True
pretrained,25,42,train,41,体育,体育,True
pretrained,25,42,train,42,体育,体育,True
pretrained,25,42,train,43,体育,体育,True
pretrained,25,42,train,44,体育,体育,True
pretrained,25,42,train,45,体育,体育,True
pretrained,25,42,train,46,体育,体育,True
pretrained,25,42,train,47,体育,体育,True
pretrained,25,42,train,48,财经,财经,True
pretrained,25,42,train,49,财经,财经,True
pretrained,25,42,train,50,财经,财经,True
pretrained,25,42,train,51,财经,财经,True
pretrained,25,42,train,52,财经,财经,True
pretrained,25,42,train,53,财经,财经,True
pretrained,25,42,train,54,财经,财经,True
pretrained,25,42,train,55,财经,财经,True
pretrained,25,42,train,56,财经,财经,True
pretrained,25,42,train,57,财经,财经,True
pretrained,25,42,train,58,财经,财经,True
pretrained,25,42,train,59,财经,财经,True
pretrained,25,42,train,60,财经,财经,True
pretrained,25,42,train,61,财经,财经,True
pretrained,25,42,train,62,财经,财经,True
pretrained,25,42,train,63,财经,财经,True
pretrained,25,42,train,64,财经,财经,True
pretrained,25,42,train,65,财经,财经,True
pretrained,25,42,train,66,财经,财经,True
pretrained,25,42,train,67,财经,财经,True
pretrained,25,42,train,68,财经,财经,True
pretrained,25,42,train,69,财经,财经,True
pretrained,25,42,train,70,财经,财经,True
pretrained,25,42,train,71,财经,财经,True
pretrained,25,42,train,72,财经,财经,True
pretrained,25,42,train,73,财经,财经,True
pretrained,25,42,train,74,财经,财经,True
pretrained,25,42,train,75,财经,财经,True
pretrained,25,42,train,76,财经,财经,True
pretrained,25,42,train,77,财经,财经,True
pretrained,25,42,train,78,财经,财经,True
pretrained,25,42,train,79,财经,财经,True
pretrained,25,42,train,80,财经,财经,True
pretrained,25,42,train,81,财经,财经,True
pretrained,25,42,train,82,财经,财经,True
pretrained,25,42,train,83,财经,财经,True
pretrained,25,42,train,84,财经,财经,True
pretrained,25,42,train,85,财经,财经,True
pretrained,25,42,train,86,财经,财经,True
pretrained,25,42,train,87,财经,财经,True
pretrained,25,42,train,88,财经,财经,True
pretrained,25,42,train,89,财经,财经,True
pretrained,25,42,train,90,财经,财经,True
pretrained,25,42,train,91,财经,财经,True
pretrained,25,42,train,92,财经,财经,True
pretrained,25,42,train,93,财经,财经,True
pretrained,25,42,train,94,财经,财经,True
pretrained,25,42,train,95,财经,财经,True
pretrained,25,42,train,96,教育,教育,True
pretrained,25,42,train,97,教育,教育,True
pretrained,25,42,train,98,教育,教育,True
pretrained,25,42,train,99,教育,教育,True
pretrained,25,42,train,100,教育,教育,True
pretrained,25,42,train,101,教育,教育,True
pretrained,25,42,train,102,教育,教育,True
pretrained,25,42,train,103,教育,教育,True
pretrained,25,42,train,104,教育,教育,True
pretrained,25,42,train,105,教育,教育,True
pretrained,25,42,train,106,教育,教育,True
pretrained,25,42,train,107,教育,教育,True
pretrained,25,42,train,108,教育,教育,True
pretrained,25,42,train,109,教育,教育,True
pretrained,25,42,train,110,教育,教育,True
pretrained,25,42,train,111,教育,教育,True
pretrained,25,42,train,112,教育,科技,False
pretrained,25,42,train,113,教育,教育,True
pretrained,25,42,train,114,教育,教育,True
pretrained,25,42,train,115,教育,教育,True
pretrained,25,42,train,116,教育,教育,True
pretrained,25,42,train,117,教育,教育,True
pretrained,25,42,train,118,教育,教育,True
pretrained,25,42,train,119,教育,教育,True
pretrained,25,42,train,120,教育,教育,True
pretrained,25,42,train,121,教育,教育,True
pretrained,25,42,train,122,教育,教育,True
pretrained,25,42,train,123,教育,教育,True
pretrained,25,42,train,124,教育,教育,True
pretrained,25,42,train,125,教育,教育,True
pretrained,25,42,train,126,教育,教育,True
pretrained,25,42,train,127,教育,教育,True
pretrained,25,42,train,128,教育,教育,True
pretrained,25,42,train,129,教育,教育,True
pretrained,25,42,train,130,教育,教育,True
pretrained,25,42,train,131,教育,教育,True
pretrained,25,42,train,132,教育,教育,True
pretrained,25,42,train,133,教育,教育,True
pretrained,25,42,train,134,教育,教育,True
pretrained,25,42,train,135,教育,教育,True
pretrained,25,42,train,136,教育,教育,True
pretrained,25,42,train,137,教育,教育,True
pretrained,25,42,train,138,教育,教育,True
pretrained,25,42,train,139,教育,教育,True
pretrained,25,42,train,140,教育,教育,True
pretrained,25,42,train,141,教育,教育,True
pretrained,25,42,train,142,教育,教育,True
pretrained,25,42,train,143,教育,教育,True
pretrained,25,42,train,144,娱乐,娱乐,True
pretrained,25,42,train,145,娱乐,娱乐,True
pretrained,25,42,train,146,娱乐,娱乐,True
pretrained,25,42,train,147,娱乐,娱乐,True
pretrained,25,42,train,148,娱乐,娱乐,True
pretrained,25,42,train,149,娱乐,娱乐,True
pretrained,25,42,train,150,娱乐,娱乐,True
pretrained,25,42,train,151,娱乐,娱乐,True
pretrained,25,42,train,152,娱乐,娱乐,True
pretrained,25,42,train,153,娱乐,娱乐,True
pretrained,25,42,train,154,娱乐,娱乐,True
pretrained,25,42,train,155,娱乐,娱乐,True
pretrained,25,42,train,156,娱乐,娱乐,True
pretrained,25,42,train,157,娱乐,娱乐,True
pretrained,25,42,train,158,娱乐,娱乐,True
pretrained,25,42,train,159,娱乐,娱乐,True
pretrained,25,42,train,160,娱乐,娱乐,True
pretrained,25,42,train,161,娱乐,娱乐,True
pretrained,25,42,train,162,娱乐,娱乐,True
pretrained,25,42,train,163,娱乐,娱乐,True
pretrained,25,42,train,164,娱乐,娱乐,True
pretrained,25,42,train,165,娱乐,娱乐,True
pretrained,25,42,train,166,娱乐,娱乐,True
pretrained,25,42,train,167,娱乐,娱乐,True
pretrained,25,42,train,168,娱乐,娱乐,True
pretrained,25,42,train,169,娱乐,娱乐,True
pretrained,25,42,train,170,娱乐,娱乐,True
pretrained,25,42,train,171,娱乐,娱乐,True
pretrained,25,42,train,172,娱乐,娱乐,True
pretrained,25,42,train,173,娱乐,娱乐,True
pretrained,25,42,train,174,娱乐,娱乐,True
pretrained,25,42,train,175,娱乐,娱乐,True
pretrained,25,42,train,176,娱乐,娱乐,True
pretrained,25,42,train,177,娱乐,娱乐,True
pretrained,25,42,train,178,娱乐,娱乐,True
pretrained,25,42,train,179,娱乐,娱乐,True
pretrained,25,42,train,180,娱乐,娱乐,True
pretrained,25,42,train,181,娱乐,娱乐,True
pretrained,25,42,train,182,娱乐,娱乐,True
pretrained,25,42,train,183,娱乐,娱乐,True
pretrained,25,42,train,184,娱乐,娱乐,True
pretrained,25,42,train,185,娱乐,娱乐,True
pretrained,25,42,train,186,娱乐,娱乐,True
pretrained,25,42,train,187,娱乐,娱乐,True
pretrained,25,42,train,188,娱乐,娱乐,True
pretrained,25,42,train,189,娱乐,娱乐,True
pretrained,25,42,train,190,娱乐,娱乐,True
pretrained,25,42,train,191,娱乐,娱乐,True
pretrained,25,42,train,192,科技,科技,True
pretrained,25,42,train,193,科技,科技,True
pretrained,25,42,train,194,科技,科技,True
pretrained,25,42,train,195,科技,科技,True
pretrained,25,42,train,196,科技,科技,True
pretrained,25,42,train,197,科技,科技,True
pretrained,25,42,train,198,科技,科技,True
pretrained,25,42,train,199,科技,科技,True
pretrained,25,42,train,200,科技,科技,True
pretrained,25,42,train,201,科技,科技,True
pretrained,25,42,train,202,科技,科技,True
pretrained,25,42,train,203,科技,科技,True
pretrained,25,42,train,204,科技,科技,True
pretrained,25,42,train,205,科技,科技,True
pretrained,25,42,train,206,科技,科技,True
pretrained,25,42,train,207,科技,科技,True
pretrained,25,42,train,208,科技,科技,True
pretrained,25,42,train,209,科技,科技,True
pretrained,25,42,train,210,科技,科技,True
pretrained,25,42,train,211,科技,科技,True
pretrained,25,42,train,212,科技,科技,True
pretrained,25,42,train,213,科技,科技,True
pretrained,25,42,train,214,科技,科技,True
pretrained,25,42,train,215,科技,科技,True
pretrained,25,42,train,216,科技,科技,True
pretrained,25,42,train,217,科技,科技,True
pretrained,25,42,train,218,科技,科技,True
pretrained,25,42,train,219,科技,科技,True
pretrained,25,42,train,220,科技,科技,True
pretrained,25,42,train,221,科技,科技,True
pretrained,25,42,train,222,科技,科技,True
pretrained,25,42,train,223,科技,科技,True
pretrained,25,42,train,224,科技,科技,True
pretrained,25,42,train,225,科技,科技,True
pretrained,25,42,train,226,科技,科技,True
pretrained,25,42,train,227,科技,科技,True
pretrained,25,42,train,228,科技,科技,True
pretrained,25,42,train,229,科技,科技,True
pretrained,25,42,train,230,科技,科技,True
pretrained,25,42,train,231,科技,科技,True
pretrained,25,42,train,232,科技,科技,True
pretrained,25,42,train,233,科技,科技,True
pretrained,25,42,train,234,科技,科技,True
pretrained,25,42,train,235,科技,科技,True
pretrained,25,42,train,236,科技,科技,True
pretrained,25,42,train,237,科技,科技,True
pretrained,25,42,train,238,科技,科技,True
pretrained,25,42,train,239,科技,科技,True
pretrained,25,42,train,240,房产,房产,True
pretrained,25,42,train,241,房产,房产,True
pretrained,25,42,train,242,房产,房产,True
pretrained,25,42,train,243,房产,房产,True
pretrained,25,42,train,244,房产,房产,True
pretrained,25,42,train,245,房产,房产,True
pretrained,25,42,train,246,房产,房产,True
pretrained,25,42,train,247,房产,房产,True
pretrained,25,42,train,248,房产,房产,True
pretrained,25,42,train,249,房产,房产,True
pretrained,25,42,train,250,房产,房产,True
pretrained,25,42,train,251,房产,房产,True
pretrained,25,42,train,252,房产,房产,True
pretrained,25,42,train,253,房产,房产,True
pretrained,25,42,train,254,房产,房产,True
pretrained,25,42,train,255,房产,房产,True
pretrained,25,42,train,256,房产,房产,True
pretrained,25,42,train,257,房产,房产,True
pretrained,25,42,train,258,房产,房产,True
pretrained,25,42,train,259,房产,房产,True
pretrained,25,42,train,260,房产,房产,True
pretrained,25,42,train,261,房产,房产,True
pretrained,25,42,train,262,房产,房产,True
pretrained,25,42,train,263,房产,房产,True
pretrained,25,42,train,264,房产,房产,True
pretrained,25,42,train,265,房产,房产,True
pretrained,25,42,train,266,房产,房产,True
pretrained,25,42,train,267,房产,房产,True
pretrained,25,42,train,268,房产,房产,True
pretrained,25,42,train,269,房产,房产,True
pretrained,25,42,train,270,房产,房产,True
pretrained,25,42,train,271,房产,房产,True
pretrained,25,42,train,272,房产,财经,False
pretrained,25,42,train,273,房产,房产,True
pretrained,25,42,train,274,房产,房产,True
pretrained,25,42,train,275,房产,房产,True
pretrained,25,42,train,276,房产,房产,True
pretrained,25,42,train,277,房产,房产,True
pretrained,25,42,train,278,房产,房产,True
pretrained,25,42,train,279,房产,房产,True
pretrained,25,42,train,280,房产,房产,True
pretrained,25,42,train,281,房产,房产,True
pretrained,25,42,train,282,房产,房产,True
pretrained,25,42,train,283,房产,房产,True
pretrained,25,42,train,284,房产,房产,True
pretrained,25,42,train,285,房产,房产,True
pretrained,25,42,train,286,房产,房产,True
pretrained,25,42,train,287,房产,房产,True
pretrained,25,42,train,288,游戏,游戏,True
pretrained,25,42,train,289,游戏,游戏,True
pretrained,25,42,train,290,游戏,游戏,True
pretrained,25,42,train,291,游戏,游戏,True
pretrained,25,42,train,292,游戏,游戏,True
pretrained,25,42,train,293,游戏,游戏,True
pretrained,25,42,train,294,游戏,游戏,True
pretrained,25,42,train,295,游戏,游戏,True
pretrained,25,42,train,296,游戏,游戏,True
pretrained,25,42,train,297,游戏,游戏,True
pretrained,25,42,train,298,游戏,游戏,True
pretrained,25,42,train,299,游戏,游戏,True
pretrained,25,42,train,300,游戏,游戏,True
pretrained,25,42,train,301,游戏,游戏,True
pretrained,25,42,train,302,游戏,游戏,True
pretrained,25,42,train,303,游戏,游戏,True
pretrained,25,42,train,304,游戏,游戏,True
pretrained,25,42,train,305,游戏,游戏,True
pretrained,25,42,train,306,游戏,游戏,True
pretrained,25,42,train,307,游戏,游戏,True
pretrained,25,42,train,308,游戏,游戏,True
pretrained,25,42,train,309,游戏,游戏,True
pretrained,25,42,train,310,游戏,游戏,True
pretrained,25,42,train,311,游戏,游戏,True
pretrained,25,42,train,312,游戏,游戏,True
pretrained,25,42,train,313,游戏,游戏,True
pretrained,25,42,train,314,游戏,游戏,True
pretrained,25,42,train,315,游戏,游戏,True
pretrained,25,42,train,316,游戏,游戏,True
pretrained,25,42,train,317,游戏,游戏,True
pretrained,25,42,train,318,游戏,娱乐,False
pretrained,25,42,train,319,游戏,游戏,True
pretrained,25,42,train,320,游戏,游戏,True
pretrained,25,42,train,321,游戏,游戏,True
pretrained,25,42,train,322,游戏,游戏,True
pretrained,25,42,train,323,游戏,游戏,True
pretrained,25,42,train,324,游戏,游戏,True
pretrained,25,42,train,325,游戏,游戏,True
pretrained,25,42,train,326,游戏,游戏,True
pretrained,25,42,train,327,游戏,游戏,True
pretrained,25,42,train,328,游戏,游戏,True
pretrained,25,42,train,329,游戏,游戏,True
pretrained,25,42,train,330,游戏,游戏,True
pretrained,25,42,train,331,游戏,游戏,True
pretrained,25,42,train,332,游戏,游戏,True
pretrained,25,42,train,333,游戏,游戏,True
pretrained,25,42,train,334,游戏,游戏,True
pretrained,25,42,train,335,游戏,游戏,True
pretrained,25,42,train,336,时政,时政,True
pretrained,25,42,train,337,时政,时政,True
pretrained,25,42,train,338,时政,时政,True
pretrained,25,42,train,339,时政,时政,True
pretrained,25,42,train,340,时政,时政,True
pretrained,25,42,train,341,时政,时政,True
pretrained,25,42,train,342,时政,时政,True
pretrained,25,42,train,343,时政,时政,True
pretrained,25,42,train,344,时政,时政,True
pretrained,25,42,train,345,时政,时政,True
pretrained,25,42,train,346,时政,时政,True
pretrained,25,42,train,347,时政,时政,True
pretrained,25,42,train,348,时政,时政,True
pretrained,25,42,train,349,时政,时政,True
pretrained,25,42,train,350,时政,时政,True
pretrained,25,42,train,351,时政,时政,True
pretrained,25,42,train,352,时政,时政,True
pretrained,25,42,train,353,时政,时政,True
pretrained,25,42,train,354,时政,时政,True
pretrained,25,42,train,355,时政,时政,True
pretrained,25,42,train,356,时政,时政,True
pretrained,25,42,train,357,时政,时政,True
pretrained,25,42,train,358,时政,时政,True
pretrained,25,42,train,359,时政,时政,True
pretrained,25,42,train,360,时政,时政,True
pretrained,25,42,train,361,时政,时政,True
pretrained,25,42,train,362,时政,时政,True
pretrained,25,42,train,363,时政,时政,True
pretrained,25,42,train,364,时政,时政,True
pretrained,25,42,train,365,时政,时政,True
pretrained,25,42,train,366,时政,时政,True
pretrained,25,42,train,367,时政,时政,True
pretrained,25,42,train,368,时政,时政,True
pretrained,25,42,train,369,时政,时政,True
pretrained,25,42,train,370,时政,时政,True
pretrained,25,42,train,371,时政,时政,True
pretrained,25,42,train,372,时政,时政,True
pretrained,25,42,train,373,时政,时政,True
pretrained,25,42,train,374,时政,时政,True
pretrained,25,42,train,375,时政,时政,True
pretrained,25,42,train,376,时政,时政,True
pretrained,25,42,train,377,时政,时政,True
pretrained,25,42,train,378,时政,时政,True
pretrained,25,42,train,379,时政,时政,True
pretrained,25,42,train,380,时政,时政,True
pretrained,25,42,train,381,时政,时政,True
pretrained,25,42,train,382,时政,时政,True
pretrained,25,42,train,383,时政,时政,True
pretrained,25,42,test,体育/100080.txt,体育,体育,True
pretrained,25,42,test,体育/100169.txt,体育,体育,True
pretrained,25,42,test,体育/100243.txt,体育,体育,True
pretrained,25,42,test,体育/100269.txt,体育,体育,True
pretrained,25,42,test,体育/100471.txt,体育,体育,True
pretrained,25,42,test,体育/100585.txt,体育,体育,True
pretrained,25,42,test,体育/100681.txt,体育,体育,True
pretrained,25,42,test,体育/100739.txt,体育,体育,True
pretrained,25,42,test,体育/100794.txt,体育,体育,True
pretrained,25,42,test,体育/101091.txt,体育,体育,True
pretrained,25,42,test,体育/101113.txt,体育,体育,True
pretrained,25,42,test,体育/101115.txt,体育,体育,True
pretrained,25,42,test,财经/799188.txt,财经,财经,True
pretrained,25,42,test,财经/799234.txt,财经,财经,True
pretrained,25,42,test,财经/799258.txt,财经,财经,True
pretrained,25,42,test,财经/799288.txt,财经,财经,True
pretrained,25,42,test,财经/799376.txt,财经,财经,True
pretrained,25,42,test,财经/799462.txt,财经,财经,True
pretrained,25,42,test,财经/799607.txt,财经,财经,True
pretrained,25,42,test,财经/799690.txt,财经,财经,True
pretrained,25,42,test,财经/799898.txt,财经,财经,True
pretrained,25,42,test,财经/799959.txt,财经,财经,True
pretrained,25,42,test,财经/799960.txt,财经,财经,True
pretrained,25,42,test,财经/800186.txt,财经,财经,True
pretrained,25,42,test,教育/284539.txt,教育,房产,False
pretrained,25,42,test,教育/284583.txt,教育,教育,True
pretrained,25,42,test,教育/284608.txt,教育,教育,True
pretrained,25,42,test,教育/284632.txt,教育,教育,True
pretrained,25,42,test,教育/284829.txt,教育,教育,True
pretrained,25,42,test,教育/284956.txt,教育,教育,True
pretrained,25,42,test,教育/285067.txt,教育,时政,False
pretrained,25,42,test,教育/285246.txt,教育,教育,True
pretrained,25,42,test,教育/285369.txt,教育,游戏,False
pretrained,25,42,test,教育/285374.txt,教育,教育,True
pretrained,25,42,test,教育/285591.txt,教育,教育,True
pretrained,25,42,test,教育/285593.txt,教育,游戏,False
pretrained,25,42,test,娱乐/131610.txt,娱乐,时政,False
pretrained,25,42,test,娱乐/131740.txt,娱乐,科技,False
pretrained,25,42,test,娱乐/131759.txt,娱乐,娱乐,True
pretrained,25,42,test,娱乐/131805.txt,娱乐,娱乐,True
pretrained,25,42,test,娱乐/131865.txt,娱乐,娱乐,True
pretrained,25,42,test,娱乐/131933.txt,娱乐,娱乐,True
pretrained,25,42,test,娱乐/132127.txt,娱乐,娱乐,True
pretrained,25,42,test,娱乐/132192.txt,娱乐,娱乐,True
pretrained,25,42,test,娱乐/132421.txt,娱乐,娱乐,True
pretrained,25,42,test,娱乐/132573.txt,娱乐,娱乐,True
pretrained,25,42,test,娱乐/132743.txt,娱乐,娱乐,True
pretrained,25,42,test,娱乐/132751.txt,娱乐,娱乐,True
pretrained,25,42,test,科技/481801.txt,科技,科技,True
pretrained,25,42,test,科技/482102.txt,科技,科技,True
pretrained,25,42,test,科技/482208.txt,科技,教育,False
pretrained,25,42,test,科技/482213.txt,科技,科技,True
pretrained,25,42,test,科技/482274.txt,科技,科技,True
pretrained,25,42,test,科技/482388.txt,科技,科技,True
pretrained,25,42,test,科技/482422.txt,科技,科技,True
pretrained,25,42,test,科技/482471.txt,科技,科技,True
pretrained,25,42,test,科技/482563.txt,科技,科技,True
pretrained,25,42,test,科技/482742.txt,科技,科技,True
pretrained,25,42,test,科技/482816.txt,科技,科技,True
pretrained,25,42,test,科技/482864.txt,科技,科技,True
pretrained,25,42,test,房产/264441.txt,房产,房产,True
pretrained,25,42,test,房产/264447.txt,房产,房产,True
pretrained,25,42,test,房产/264595.txt,房产,房产,True
pretrained,25,42,test,房产/264650.txt,房产,房产,True
pretrained,25,42,test,房产/264749.txt,房产,房产,True
pretrained,25,42,test,房产/264755.txt,房产,房产,True
pretrained,25,42,test,房产/265243.txt,房产,房产,True
pretrained,25,42,test,房产/265415.txt,房产,房产,True
pretrained,25,42,test,房产/265436.txt,房产,财经,False
pretrained,25,42,test,房产/265449.txt,房产,财经,False
pretrained,25,42,test,房产/265497.txt,房产,房产,True
pretrained,25,42,test,房产/265599.txt,房产,财经,False
pretrained,25,42,test,游戏/406490.txt,游戏,游戏,True
pretrained,25,42,test,游戏/406677.txt,游戏,游戏,True
pretrained,25,42,test,游戏/407056.txt,游戏,体育,False
pretrained,25,42,test,游戏/407140.txt,游戏,财经,False
pretrained,25,42,test,游戏/407162.txt,游戏,游戏,True
pretrained,25,42,test,游戏/407222.txt,游戏,游戏,True
pretrained,25,42,test,游戏/407249.txt,游戏,游戏,True
pretrained,25,42,test,游戏/407254.txt,游戏,游戏,True
pretrained,25,42,test,游戏/407401.txt,游戏,游戏,True
pretrained,25,42,test,游戏/407431.txt,游戏,游戏,True
pretrained,25,42,test,游戏/407489.txt,游戏,游戏,True
pretrained,25,42,test,游戏/407519.txt,游戏,游戏,True
pretrained,25,42,test,时政/339771.txt,时政,时政,True
pretrained,25,42,test,时政/339791.txt,时政,时政,True
pretrained,25,42,test,时政/340097.txt,时政,时政,True
pretrained,25,42,test,时政/340103.txt,时政,时政,True
pretrained,25,42,test,时政/340147.txt,时政,时政,True
pretrained,25,42,test,时政/340201.txt,时政,时政,True
pretrained,25,42,test,时政/340240.txt,时政,时政,True
pretrained,25,42,test,时政/340348.txt,时政,时政,True
pretrained,25,42,test,时政/340490.txt,时政,时政,True
pretrained,25,42,test,时政/340532.txt,时政,时政,True
pretrained,25,42,test,时政/340798.txt,时政,时政,True
pretrained,25,42,test,时政/340889.txt,时政,时政,True
scratch,25,42,train,0,体育,游戏,False
scratch,25,42,train,1,体育,体育,True
scratch,25,42,train,2,体育,科技,False
scratch,25,42,train,3,体育,体育,True
scratch,25,42,train,4,体育,体育,True
scratch,25,42,train,5,体育,体育,True
scratch,25,42,train,6,体育,体育,True
scratch,25,42,train,7,体育,体育,True
scratch,25,42,train,8,体育,体育,True
scratch,25,42,train,9,体育,体育,True
scratch,25,42,train,10,体育,体育,True
scratch,25,42,train,11,体育,体育,True
scratch,25,42,train,12,体育,体育,True
scratch,25,42,train,13,体育,体育,True
scratch,25,42,train,14,体育,体育,True
scratch,25,42,train,15,体育,体育,True
scratch,25,42,train,16,体育,体育,True
scratch,25,42,train,17,体育,体育,True
scratch,25,42,train,18,体育,体育,True
scratch,25,42,train,19,体育,体育,True
scratch,25,42,train,20,体育,体育,True
scratch,25,42,train,21,体育,体育,True
scratch,25,42,train,22,体育,体育,True
scratch,25,42,train,23,体育,体育,True
scratch,25,42,train,24,体育,体育,True
scratch,25,42,train,25,体育,体育,True
scratch,25,42,train,26,体育,体育,True
scratch,25,42,train,27,体育,体育,True
scratch,25,42,train,28,体育,游戏,False
scratch,25,42,train,29,体育,体育,True
scratch,25,42,train,30,体育,体育,True
scratch,25,42,train,31,体育,体育,True
scratch,25,42,train,32,体育,体育,True
scratch,25,42,train,33,体育,体育,True
scratch,25,42,train,34,体育,体育,True
scratch,25,42,train,35,体育,体育,True
scratch,25,42,train,36,体育,体育,True
scratch,25,42,train,37,体育,体育,True
scratch,25,42,train,38,体育,体育,True
scratch,25,42,train,39,体育,体育,True
scratch,25,42,train,40,体育,体育,True
scratch,25,42,train,41,体育,体育,True
scratch,25,42,train,42,体育,体育,True
scratch,25,42,train,43,体育,体育,True
scratch,25,42,train,44,体育,体育,True
scratch,25,42,train,45,体育,体育,True
scratch,25,42,train,46,体育,体育,True
scratch,25,42,train,47,体育,体育,True
scratch,25,42,train,48,财经,游戏,False
scratch,25,42,train,49,财经,体育,False
scratch,25,42,train,50,财经,科技,False
scratch,25,42,train,51,财经,科技,False
scratch,25,42,train,52,财经,游戏,False
scratch,25,42,train,53,财经,科技,False
scratch,25,42,train,54,财经,游戏,False
scratch,25,42,train,55,财经,游戏,False
scratch,25,42,train,56,财经,教育,False
scratch,25,42,train,57,财经,游戏,False
scratch,25,42,train,58,财经,科技,False
scratch,25,42,train,59,财经,科技,False
scratch,25,42,train,60,财经,科技,False
scratch,25,42,train,61,财经,科技,False
scratch,25,42,train,62,财经,科技,False
scratch,25,42,train,63,财经,游戏,False
scratch,25,42,train,64,财经,游戏,False
scratch,25,42,train,65,财经,游戏,False
scratch,25,42,train,66,财经,科技,False
scratch,25,42,train,67,财经,游戏,False
scratch,25,42,train,68,财经,科技,False
scratch,25,42,train,69,财经,游戏,False
scratch,25,42,train,70,财经,游戏,False
scratch,25,42,train,71,财经,科技,False
scratch,25,42,train,72,财经,科技,False
scratch,25,42,train,73,财经,教育,False
scratch,25,42,train,74,财经,科技,False
scratch,25,42,train,75,财经,教育,False
scratch,25,42,train,76,财经,财经,True
scratch,25,42,train,77,财经,科技,False
scratch,25,42,train,78,财经,游戏,False
scratch,25,42,train,79,财经,科技,False
scratch,25,42,train,80,财经,科技,False
scratch,25,42,train,81,财经,科技,False
scratch,25,42,train,82,财经,游戏,False
scratch,25,42,train,83,财经,教育,False
scratch,25,42,train,84,财经,财经,True
scratch,25,42,train,85,财经,科技,False
scratch,25,42,train,86,财经,游戏,False
scratch,25,42,train,87,财经,游戏,False
scratch,25,42,train,88,财经,游戏,False
scratch,25,42,train,89,财经,科技,False
scratch,25,42,train,90,财经,体育,False
scratch,25,42,train,91,财经,游戏,False
scratch,25,42,train,92,财经,教育,False
scratch,25,42,train,93,财经,教育,False
scratch,25,42,train,94,财经,科技,False
scratch,25,42,train,95,财经,教育,False
scratch,25,42,train,96,教育,科技,False
scratch,25,42,train,97,教育,科技,False
scratch,25,42,train,98,教育,科技,False
scratch,25,42,train,99,教育,科技,False
scratch,25,42,train,100,教育,科技,False
scratch,25,42,train,101,教育,游戏,False
scratch,25,42,train,102,教育,科技,False
scratch,25,42,train,103,教育,教育,True
scratch,25,42,train,104,教育,教育,True
scratch,25,42,train,105,教育,游戏,False
scratch,25,42,train,106,教育,游戏,False
scratch,25,42,train,107,教育,科技,False
scratch,25,42,train,108,教育,科技,False
scratch,25,42,train,109,教育,游戏,False
scratch,25,42,train,110,教育,游戏,False
scratch,25,42,train,111,教育,科技,False
scratch,25,42,train,112,教育,体育,False
scratch,25,42,train,113,教育,科技,False
scratch,25,42,train,114,教育,游戏,False
scratch,25,42,train,115,教育,游戏,False
scratch,25,42,train,116,教育,游戏,False
scratch,25,42,train,117,教育,科技,False
scratch,25,42,train,118,教育,科技,False
scratch,25,42,train,119,教育,教育,True
scratch,25,42,train,120,教育,科技,False
scratch,25,42,train,121,教育,科技,False
scratch,25,42,train,122,教育,教育,True
scratch,25,42,train,123,教育,科技,False
scratch,25,42,train,124,教育,游戏,False
scratch,25,42,train,125,教育,游戏,False
scratch,25,42,train,126,教育,科技,False
scratch,25,42,train,127,教育,科技,False
scratch,25,42,train,128,教育,科技,False
scratch,25,42,train,129,教育,游戏,False
scratch,25,42,train,130,教育,游戏,False
scratch,25,42,train,131,教育,科技,False
scratch,25,42,train,132,教育,科技,False
scratch,25,42,train,133,教育,科技,False
scratch,25,42,train,134,教育,科技,False
scratch,25,42,train,135,教育,科技,False
scratch,25,42,train,136,教育,科技,False
scratch,25,42,train,137,教育,游戏,False
scratch,25,42,train,138,教育,游戏,False
scratch,25,42,train,139,教育,游戏,False
scratch,25,42,train,140,教育,科技,False
scratch,25,42,train,141,教育,游戏,False
scratch,25,42,train,142,教育,游戏,False
scratch,25,42,train,143,教育,游戏,False
scratch,25,42,train,144,娱乐,游戏,False
scratch,25,42,train,145,娱乐,游戏,False
scratch,25,42,train,146,娱乐,游戏,False
scratch,25,42,train,147,娱乐,游戏,False
scratch,25,42,train,148,娱乐,游戏,False
scratch,25,42,train,149,娱乐,游戏,False
scratch,25,42,train,150,娱乐,时政,False
scratch,25,42,train,151,娱乐,游戏,False
scratch,25,42,train,152,娱乐,游戏,False
scratch,25,42,train,153,娱乐,体育,False
scratch,25,42,train,154,娱乐,游戏,False
scratch,25,42,train,155,娱乐,体育,False
scratch,25,42,train,156,娱乐,游戏,False
scratch,25,42,train,157,娱乐,体育,False
scratch,25,42,train,158,娱乐,游戏,False
scratch,25,42,train,159,娱乐,科技,False
scratch,25,42,train,160,娱乐,体育,False
scratch,25,42,train,161,娱乐,科技,False
scratch,25,42,train,162,娱乐,游戏,False
scratch,25,42,train,163,娱乐,游戏,False
scratch,25,42,train,164,娱乐,科技,False
scratch,25,42,train,165,娱乐,体育,False
scratch,25,42,train,166,娱乐,游戏,False
scratch,25,42,train,167,娱乐,体育,False
scratch,25,42,train,168,娱乐,科技,False
scratch,25,42,train,169,娱乐,体育,False
scratch,25,42,train,170,娱乐,体育,False
scratch,25,42,train,171,娱乐,科技,False
scratch,25,42,train,172,娱乐,体育,False
scratch,25,42,train,173,娱乐,科技,False
scratch,25,42,train,174,娱乐,科技,False
scratch,25,42,train,175,娱乐,科技,False
scratch,25,42,train,176,娱乐,游戏,False
scratch,25,42,train,177,娱乐,科技,False
scratch,25,42,train,178,娱乐,游戏,False
scratch,25,42,train,179,娱乐,游戏,False
scratch,25,42,train,180,娱乐,体育,False
scratch,25,42,train,181,娱乐,游戏,False
scratch,25,42,train,182,娱乐,体育,False
scratch,25,42,train,183,娱乐,游戏,False
scratch,25,42,train,184,娱乐,科技,False
scratch,25,42,train,185,娱乐,科技,False
scratch,25,42,train,186,娱乐,游戏,False
scratch,25,42,train,187,娱乐,体育,False
scratch,25,42,train,188,娱乐,科技,False
scratch,25,42,train,189,娱乐,游戏,False
scratch,25,42,train,190,娱乐,体育,False
scratch,25,42,train,191,娱乐,体育,False
scratch,25,42,train,192,科技,游戏,False
scratch,25,42,train,193,科技,科技,True
scratch,25,42,train,194,科技,科技,True
scratch,25,42,train,195,科技,科技,True
scratch,25,42,train,196,科技,科技,True
scratch,25,42,train,197,科技,科技,True
scratch,25,42,train,198,科技,科技,True
scratch,25,42,train,199,科技,科技,True
scratch,25,42,train,200,科技,科技,True
scratch,25,42,train,201,科技,科技,True
scratch,25,42,train,202,科技,科技,True
scratch,25,42,train,203,科技,科技,True
scratch,25,42,train,204,科技,科技,True
scratch,25,42,train,205,科技,科技,True
scratch,25,42,train,206,科技,科技,True
scratch,25,42,train,207,科技,科技,True
scratch,25,42,train,208,科技,科技,True
scratch,25,42,train,209,科技,科技,True
scratch,25,42,train,210,科技,科技,True
scratch,25,42,train,211,科技,科技,True
scratch,25,42,train,212,科技,科技,True
scratch,25,42,train,213,科技,科技,True
scratch,25,42,train,214,科技,科技,True
scratch,25,42,train,215,科技,科技,True
scratch,25,42,train,216,科技,科技,True
scratch,25,42,train,217,科技,科技,True
scratch,25,42,train,218,科技,科技,True
scratch,25,42,train,219,科技,科技,True
scratch,25,42,train,220,科技,科技,True
scratch,25,42,train,221,科技,科技,True
scratch,25,42,train,222,科技,科技,True
scratch,25,42,train,223,科技,科技,True
scratch,25,42,train,224,科技,科技,True
scratch,25,42,train,225,科技,科技,True
scratch,25,42,train,226,科技,科技,True
scratch,25,42,train,227,科技,科技,True
scratch,25,42,train,228,科技,科技,True
scratch,25,42,train,229,科技,科技,True
scratch,25,42,train,230,科技,科技,True
scratch,25,42,train,231,科技,科技,True
scratch,25,42,train,232,科技,科技,True
scratch,25,42,train,233,科技,科技,True
scratch,25,42,train,234,科技,科技,True
scratch,25,42,train,235,科技,科技,True
scratch,25,42,train,236,科技,科技,True
scratch,25,42,train,237,科技,科技,True
scratch,25,42,train,238,科技,科技,True
scratch,25,42,train,239,科技,科技,True
scratch,25,42,train,240,房产,游戏,False
scratch,25,42,train,241,房产,游戏,False
scratch,25,42,train,242,房产,游戏,False
scratch,25,42,train,243,房产,游戏,False
scratch,25,42,train,244,房产,游戏,False
scratch,25,42,train,245,房产,教育,False
scratch,25,42,train,246,房产,科技,False
scratch,25,42,train,247,房产,游戏,False
scratch,25,42,train,248,房产,游戏,False
scratch,25,42,train,249,房产,游戏,False
scratch,25,42,train,250,房产,游戏,False
scratch,25,42,train,251,房产,游戏,False
scratch,25,42,train,252,房产,游戏,False
scratch,25,42,train,253,房产,游戏,False
scratch,25,42,train,254,房产,游戏,False
scratch,25,42,train,255,房产,游戏,False
scratch,25,42,train,256,房产,游戏,False
scratch,25,42,train,257,房产,游戏,False
scratch,25,42,train,258,房产,游戏,False
scratch,25,42,train,259,房产,游戏,False
scratch,25,42,train,260,房产,游戏,False
scratch,25,42,train,261,房产,游戏,False
scratch,25,42,train,262,房产,游戏,False
scratch,25,42,train,263,房产,游戏,False
scratch,25,42,train,264,房产,游戏,False
scratch,25,42,train,265,房产,游戏,False
scratch,25,42,train,266,房产,游戏,False
scratch,25,42,train,267,房产,游戏,False
scratch,25,42,train,268,房产,游戏,False
scratch,25,42,train,269,房产,游戏,False
scratch,25,42,train,270,房产,游戏,False
scratch,25,42,train,271,房产,游戏,False
scratch,25,42,train,272,房产,游戏,False
scratch,25,42,train,273,房产,游戏,False
scratch,25,42,train,274,房产,游戏,False
scratch,25,42,train,275,房产,游戏,False
scratch,25,42,train,276,房产,游戏,False
scratch,25,42,train,277,房产,游戏,False
scratch,25,42,train,278,房产,游戏,False
scratch,25,42,train,279,房产,游戏,False
scratch,25,42,train,280,房产,游戏,False
scratch,25,42,train,281,房产,房产,True
scratch,25,42,train,282,房产,时政,False
scratch,25,42,train,283,房产,游戏,False
scratch,25,42,train,284,房产,游戏,False
scratch,25,42,train,285,房产,游戏,False
scratch,25,42,train,286,房产,游戏,False
scratch,25,42,train,287,房产,房产,True
scratch,25,42,train,288,游戏,游戏,True
scratch,25,42,train,289,游戏,游戏,True
scratch,25,42,train,290,游戏,游戏,True
scratch,25,42,train,291,游戏,游戏,True
scratch,25,42,train,292,游戏,游戏,True
scratch,25,42,train,293,游戏,游戏,True
scratch,25,42,train,294,游戏,游戏,True
scratch,25,42,train,295,游戏,游戏,True
scratch,25,42,train,296,游戏,游戏,True
scratch,25,42,train,297,游戏,游戏,True
scratch,25,42,train,298,游戏,游戏,True
scratch,25,42,train,299,游戏,游戏,True
scratch,25,42,train,300,游戏,游戏,True
scratch,25,42,train,301,游戏,体育,False
scratch,25,42,train,302,游戏,游戏,True
scratch,25,42,train,303,游戏,游戏,True
scratch,25,42,train,304,游戏,游戏,True
scratch,25,42,train,305,游戏,游戏,True
scratch,25,42,train,306,游戏,游戏,True
scratch,25,42,train,307,游戏,游戏,True
scratch,25,42,train,308,游戏,游戏,True
scratch,25,42,train,309,游戏,游戏,True
scratch,25,42,train,310,游戏,游戏,True
scratch,25,42,train,311,游戏,游戏,True
scratch,25,42,train,312,游戏,游戏,True
scratch,25,42,train,313,游戏,游戏,True
scratch,25,42,train,314,游戏,游戏,True
scratch,25,42,train,315,游戏,游戏,True
scratch,25,42,train,316,游戏,游戏,True
scratch,25,42,train,317,游戏,游戏,True
scratch,25,42,train,318,游戏,游戏,True
scratch,25,42,train,319,游戏,游戏,True
scratch,25,42,train,320,游戏,游戏,True
scratch,25,42,train,321,游戏,游戏,True
scratch,25,42,train,322,游戏,游戏,True
scratch,25,42,train,323,游戏,游戏,True
scratch,25,42,train,324,游戏,游戏,True
scratch,25,42,train,325,游戏,游戏,True
scratch,25,42,train,326,游戏,游戏,True
scratch,25,42,train,327,游戏,游戏,True
scratch,25,42,train,328,游戏,游戏,True
scratch,25,42,train,329,游戏,游戏,True
scratch,25,42,train,330,游戏,游戏,True
scratch,25,42,train,331,游戏,游戏,True
scratch,25,42,train,332,游戏,游戏,True
scratch,25,42,train,333,游戏,游戏,True
scratch,25,42,train,334,游戏,游戏,True
scratch,25,42,train,335,游戏,游戏,True
scratch,25,42,train,336,时政,时政,True
scratch,25,42,train,337,时政,科技,False
scratch,25,42,train,338,时政,科技,False
scratch,25,42,train,339,时政,科技,False
scratch,25,42,train,340,时政,科技,False
scratch,25,42,train,341,时政,科技,False
scratch,25,42,train,342,时政,科技,False
scratch,25,42,train,343,时政,科技,False
scratch,25,42,train,344,时政,科技,False
scratch,25,42,train,345,时政,时政,True
scratch,25,42,train,346,时政,科技,False
scratch,25,42,train,347,时政,科技,False
scratch,25,42,train,348,时政,科技,False
scratch,25,42,train,349,时政,体育,False
scratch,25,42,train,350,时政,科技,False
scratch,25,42,train,351,时政,科技,False
scratch,25,42,train,352,时政,科技,False
scratch,25,42,train,353,时政,科技,False
scratch,25,42,train,354,时政,科技,False
scratch,25,42,train,355,时政,时政,True
scratch,25,42,train,356,时政,游戏,False
scratch,25,42,train,357,时政,科技,False
scratch,25,42,train,358,时政,科技,False
scratch,25,42,train,359,时政,科技,False
scratch,25,42,train,360,时政,科技,False
scratch,25,42,train,361,时政,体育,False
scratch,25,42,train,362,时政,教育,False
scratch,25,42,train,363,时政,科技,False
scratch,25,42,train,364,时政,教育,False
scratch,25,42,train,365,时政,教育,False
scratch,25,42,train,366,时政,科技,False
scratch,25,42,train,367,时政,科技,False
scratch,25,42,train,368,时政,教育,False
scratch,25,42,train,369,时政,科技,False
scratch,25,42,train,370,时政,教育,False
scratch,25,42,train,371,时政,科技,False
scratch,25,42,train,372,时政,科技,False
scratch,25,42,train,373,时政,教育,False
scratch,25,42,train,374,时政,科技,False
scratch,25,42,train,375,时政,教育,False
scratch,25,42,train,376,时政,科技,False
scratch,25,42,train,377,时政,时政,True
scratch,25,42,train,378,时政,科技,False
scratch,25,42,train,379,时政,科技,False
scratch,25,42,train,380,时政,时政,True
scratch,25,42,train,381,时政,科技,False
scratch,25,42,train,382,时政,科技,False
scratch,25,42,train,383,时政,科技,False
scratch,25,42,test,体育/100080.txt,体育,体育,True
scratch,25,42,test,体育/100169.txt,体育,体育,True
scratch,25,42,test,体育/100243.txt,体育,体育,True
scratch,25,42,test,体育/100269.txt,体育,体育,True
scratch,25,42,test,体育/100471.txt,体育,体育,True
scratch,25,42,test,体育/100585.txt,体育,体育,True
scratch,25,42,test,体育/100681.txt,体育,体育,True
scratch,25,42,test,体育/100739.txt,体育,体育,True
scratch,25,42,test,体育/100794.txt,体育,体育,True
scratch,25,42,test,体育/101091.txt,体育,体育,True
scratch,25,42,test,体育/101113.txt,体育,游戏,False
scratch,25,42,test,体育/101115.txt,体育,体育,True
scratch,25,42,test,财经/799188.txt,财经,科技,False
scratch,25,42,test,财经/799234.txt,财经,游戏,False
scratch,25,42,test,财经/799258.txt,财经,科技,False
scratch,25,42,test,财经/799288.txt,财经,游戏,False
scratch,25,42,test,财经/799376.txt,财经,科技,False
scratch,25,42,test,财经/799462.txt,财经,科技,False
scratch,25,42,test,财经/799607.txt,财经,科技,False
scratch,25,42,test,财经/799690.txt,财经,科技,False
scratch,25,42,test,财经/799898.txt,财经,游戏,False
scratch,25,42,test,财经/799959.txt,财经,科技,False
scratch,25,42,test,财经/799960.txt,财经,体育,False
scratch,25,42,test,财经/800186.txt,财经,游戏,False
scratch,25,42,test,教育/284539.txt,教育,体育,False
scratch,25,42,test,教育/284583.txt,教育,科技,False
scratch,25,42,test,教育/284608.txt,教育,科技,False
scratch,25,42,test,教育/284632.txt,教育,游戏,False
scratch,25,42,test,教育/284829.txt,教育,游戏,False
scratch,25,42,test,教育/284956.txt,教育,科技,False
scratch,25,42,test,教育/285067.txt,教育,游戏,False
scratch,25,42,test,教育/285246.txt,教育,游戏,False
scratch,25,42,test,教育/285369.txt,教育,体育,False
scratch,25,42,test,教育/285374.txt,教育,科技,False
scratch,25,42,test,教育/285591.txt,教育,游戏,False
scratch,25,42,test,教育/285593.txt,教育,游戏,False
scratch,25,42,test,娱乐/131610.txt,娱乐,时政,False
scratch,25,42,test,娱乐/131740.txt,娱乐,游戏,False
scratch,25,42,test,娱乐/131759.txt,娱乐,游戏,False
scratch,25,42,test,娱乐/131805.txt,娱乐,游戏,False
scratch,25,42,test,娱乐/131865.txt,娱乐,科技,False
scratch,25,42,test,娱乐/131933.txt,娱乐,体育,False
scratch,25,42,test,娱乐/132127.txt,娱乐,游戏,False
scratch,25,42,test,娱乐/132192.txt,娱乐,游戏,False
scratch,25,42,test,娱乐/132421.txt,娱乐,体育,False
scratch,25,42,test,娱乐/132573.txt,娱乐,科技,False
scratch,25,42,test,娱乐/132743.txt,娱乐,游戏,False
scratch,25,42,test,娱乐/132751.txt,娱乐,体育,False
scratch,25,42,test,科技/481801.txt,科技,游戏,False
scratch,25,42,test,科技/482102.txt,科技,科技,True
scratch,25,42,test,科技/482208.txt,科技,科技,True
scratch,25,42,test,科技/482213.txt,科技,游戏,False
scratch,25,42,test,科技/482274.txt,科技,科技,True
scratch,25,42,test,科技/482388.txt,科技,科技,True
scratch,25,42,test,科技/482422.txt,科技,科技,True
scratch,25,42,test,科技/482471.txt,科技,科技,True
scratch,25,42,test,科技/482563.txt,科技,科技,True
scratch,25,42,test,科技/482742.txt,科技,体育,False
scratch,25,42,test,科技/482816.txt,科技,科技,True
scratch,25,42,test,科技/482864.txt,科技,科技,True
scratch,25,42,test,房产/264441.txt,房产,游戏,False
scratch,25,42,test,房产/264447.txt,房产,游戏,False
scratch,25,42,test,房产/264595.txt,房产,游戏,False
scratch,25,42,test,房产/264650.txt,房产,游戏,False
scratch,25,42,test,房产/264749.txt,房产,游戏,False
scratch,25,42,test,房产/264755.txt,房产,游戏,False
scratch,25,42,test,房产/265243.txt,房产,游戏,False
scratch,25,42,test,房产/265415.txt,房产,游戏,False
scratch,25,42,test,房产/265436.txt,房产,游戏,False
scratch,25,42,test,房产/265449.txt,房产,游戏,False
scratch,25,42,test,房产/265497.txt,房产,游戏,False
scratch,25,42,test,房产/265599.txt,房产,游戏,False
scratch,25,42,test,游戏/406490.txt,游戏,游戏,True
scratch,25,42,test,游戏/406677.txt,游戏,体育,False
scratch,25,42,test,游戏/407056.txt,游戏,游戏,True
scratch,25,42,test,游戏/407140.txt,游戏,游戏,True
scratch,25,42,test,游戏/407162.txt,游戏,游戏,True
scratch,25,42,test,游戏/407222.txt,游戏,游戏,True
scratch,25,42,test,游戏/407249.txt,游戏,游戏,True
scratch,25,42,test,游戏/407254.txt,游戏,游戏,True
scratch,25,42,test,游戏/407401.txt,游戏,游戏,True
scratch,25,42,test,游戏/407431.txt,游戏,游戏,True
scratch,25,42,test,游戏/407489.txt,游戏,游戏,True
scratch,25,42,test,游戏/407519.txt,游戏,游戏,True
scratch,25,42,test,时政/339771.txt,时政,体育,False
scratch,25,42,test,时政/339791.txt,时政,科技,False
scratch,25,42,test,时政/340097.txt,时政,科技,False
scratch,25,42,test,时政/340103.txt,时政,科技,False
scratch,25,42,test,时政/340147.txt,时政,科技,False
scratch,25,42,test,时政/340201.txt,时政,科技,False
scratch,25,42,test,时政/340240.txt,时政,科技,False
scratch,25,42,test,时政/340348.txt,时政,科技,False
scratch,25,42,test,时政/340490.txt,时政,科技,False
scratch,25,42,test,时政/340532.txt,时政,科技,False
scratch,25,42,test,时政/340798.txt,时政,游戏,False
scratch,25,42,test,时政/340889.txt,时政,科技,False
scratch,100,42,train,0,体育,体育,True
scratch,100,42,train,1,体育,体育,True
scratch,100,42,train,2,体育,体育,True
scratch,100,42,train,3,体育,体育,True
scratch,100,42,train,4,体育,体育,True
scratch,100,42,train,5,体育,体育,True
scratch,100,42,train,6,体育,体育,True
scratch,100,42,train,7,体育,体育,True
scratch,100,42,train,8,体育,体育,True
scratch,100,42,train,9,体育,体育,True
scratch,100,42,train,10,体育,体育,True
scratch,100,42,train,11,体育,体育,True
scratch,100,42,train,12,体育,体育,True
scratch,100,42,train,13,体育,体育,True
scratch,100,42,train,14,体育,体育,True
scratch,100,42,train,15,体育,体育,True
scratch,100,42,train,16,体育,体育,True
scratch,100,42,train,17,体育,体育,True
scratch,100,42,train,18,体育,体育,True
scratch,100,42,train,19,体育,体育,True
scratch,100,42,train,20,体育,体育,True
scratch,100,42,train,21,体育,体育,True
scratch,100,42,train,22,体育,体育,True
scratch,100,42,train,23,体育,体育,True
scratch,100,42,train,24,体育,体育,True
scratch,100,42,train,25,体育,体育,True
scratch,100,42,train,26,体育,体育,True
scratch,100,42,train,27,体育,体育,True
scratch,100,42,train,28,体育,体育,True
scratch,100,42,train,29,体育,体育,True
scratch,100,42,train,30,体育,体育,True
scratch,100,42,train,31,体育,体育,True
scratch,100,42,train,32,体育,体育,True
scratch,100,42,train,33,体育,体育,True
scratch,100,42,train,34,体育,体育,True
scratch,100,42,train,35,体育,体育,True
scratch,100,42,train,36,体育,体育,True
scratch,100,42,train,37,体育,体育,True
scratch,100,42,train,38,体育,体育,True
scratch,100,42,train,39,体育,体育,True
scratch,100,42,train,40,体育,体育,True
scratch,100,42,train,41,体育,体育,True
scratch,100,42,train,42,体育,体育,True
scratch,100,42,train,43,体育,体育,True
scratch,100,42,train,44,体育,体育,True
scratch,100,42,train,45,体育,体育,True
scratch,100,42,train,46,体育,体育,True
scratch,100,42,train,47,体育,体育,True
scratch,100,42,train,48,财经,财经,True
scratch,100,42,train,49,财经,财经,True
scratch,100,42,train,50,财经,财经,True
scratch,100,42,train,51,财经,财经,True
scratch,100,42,train,52,财经,财经,True
scratch,100,42,train,53,财经,财经,True
scratch,100,42,train,54,财经,财经,True
scratch,100,42,train,55,财经,财经,True
scratch,100,42,train,56,财经,财经,True
scratch,100,42,train,57,财经,财经,True
scratch,100,42,train,58,财经,财经,True
scratch,100,42,train,59,财经,财经,True
scratch,100,42,train,60,财经,财经,True
scratch,100,42,train,61,财经,财经,True
scratch,100,42,train,62,财经,财经,True
scratch,100,42,train,63,财经,财经,True
scratch,100,42,train,64,财经,财经,True
scratch,100,42,train,65,财经,财经,True
scratch,100,42,train,66,财经,财经,True
scratch,100,42,train,67,财经,财经,True
scratch,100,42,train,68,财经,财经,True
scratch,100,42,train,69,财经,财经,True
scratch,100,42,train,70,财经,财经,True
scratch,100,42,train,71,财经,财经,True
scratch,100,42,train,72,财经,财经,True
scratch,100,42,train,73,财经,财经,True
scratch,100,42,train,74,财经,财经,True
scratch,100,42,train,75,财经,财经,True
scratch,100,42,train,76,财经,财经,True
scratch,100,42,train,77,财经,财经,True
scratch,100,42,train,78,财经,财经,True
scratch,100,42,train,79,财经,财经,True
scratch,100,42,train,80,财经,财经,True
scratch,100,42,train,81,财经,财经,True
scratch,100,42,train,82,财经,财经,True
scratch,100,42,train,83,财经,财经,True
scratch,100,42,train,84,财经,财经,True
scratch,100,42,train,85,财经,财经,True
scratch,100,42,train,86,财经,财经,True
scratch,100,42,train,87,财经,财经,True
scratch,100,42,train,88,财经,财经,True
scratch,100,42,train,89,财经,财经,True
scratch,100,42,train,90,财经,财经,True
scratch,100,42,train,91,财经,财经,True
scratch,100,42,train,92,财经,财经,True
scratch,100,42,train,93,财经,财经,True
scratch,100,42,train,94,财经,财经,True
scratch,100,42,train,95,财经,财经,True
scratch,100,42,train,96,教育,教育,True
scratch,100,42,train,97,教育,教育,True
scratch,100,42,train,98,教育,教育,True
scratch,100,42,train,99,教育,教育,True
scratch,100,42,train,100,教育,教育,True
scratch,100,42,train,101,教育,教育,True
scratch,100,42,train,102,教育,教育,True
scratch,100,42,train,103,教育,教育,True
scratch,100,42,train,104,教育,教育,True
scratch,100,42,train,105,教育,教育,True
scratch,100,42,train,106,教育,教育,True
scratch,100,42,train,107,教育,教育,True
scratch,100,42,train,108,教育,教育,True
scratch,100,42,train,109,教育,教育,True
scratch,100,42,train,110,教育,教育,True
scratch,100,42,train,111,教育,教育,True
scratch,100,42,train,112,教育,教育,True
scratch,100,42,train,113,教育,教育,True
scratch,100,42,train,114,教育,教育,True
scratch,100,42,train,115,教育,教育,True
scratch,100,42,train,116,教育,教育,True
scratch,100,42,train,117,教育,教育,True
scratch,100,42,train,118,教育,教育,True
scratch,100,42,train,119,教育,教育,True
scratch,100,42,train,120,教育,教育,True
scratch,100,42,train,121,教育,教育,True
scratch,100,42,train,122,教育,教育,True
scratch,100,42,train,123,教育,教育,True
scratch,100,42,train,124,教育,教育,True
scratch,100,42,train,125,教育,教育,True
scratch,100,42,train,126,教育,教育,True
scratch,100,42,train,127,教育,教育,True
scratch,100,42,train,128,教育,教育,True
scratch,100,42,train,129,教育,教育,True
scratch,100,42,train,130,教育,教育,True
scratch,100,42,train,131,教育,教育,True
scratch,100,42,train,132,教育,教育,True
scratch,100,42,train,133,教育,教育,True
scratch,100,42,train,134,教育,教育,True
scratch,100,42,train,135,教育,教育,True
scratch,100,42,train,136,教育,教育,True
scratch,100,42,train,137,教育,教育,True
scratch,100,42,train,138,教育,教育,True
scratch,100,42,train,139,教育,教育,True
scratch,100,42,train,140,教育,教育,True
scratch,100,42,train,141,教育,教育,True
scratch,100,42,train,142,教育,教育,True
scratch,100,42,train,143,教育,教育,True
scratch,100,42,train,144,娱乐,娱乐,True
scratch,100,42,train,145,娱乐,娱乐,True
scratch,100,42,train,146,娱乐,娱乐,True
scratch,100,42,train,147,娱乐,娱乐,True
scratch,100,42,train,148,娱乐,娱乐,True
scratch,100,42,train,149,娱乐,娱乐,True
scratch,100,42,train,150,娱乐,娱乐,True
scratch,100,42,train,151,娱乐,娱乐,True
scratch,100,42,train,152,娱乐,娱乐,True
scratch,100,42,train,153,娱乐,娱乐,True
scratch,100,42,train,154,娱乐,娱乐,True
scratch,100,42,train,155,娱乐,娱乐,True
scratch,100,42,train,156,娱乐,娱乐,True
scratch,100,42,train,157,娱乐,娱乐,True
scratch,100,42,train,158,娱乐,娱乐,True
scratch,100,42,train,159,娱乐,娱乐,True
scratch,100,42,train,160,娱乐,娱乐,True
scratch,100,42,train,161,娱乐,娱乐,True
scratch,100,42,train,162,娱乐,娱乐,True
scratch,100,42,train,163,娱乐,娱乐,True
scratch,100,42,train,164,娱乐,娱乐,True
scratch,100,42,train,165,娱乐,娱乐,True
scratch,100,42,train,166,娱乐,娱乐,True
scratch,100,42,train,167,娱乐,娱乐,True
scratch,100,42,train,168,娱乐,娱乐,True
scratch,100,42,train,169,娱乐,娱乐,True
scratch,100,42,train,170,娱乐,娱乐,True
scratch,100,42,train,171,娱乐,娱乐,True
scratch,100,42,train,172,娱乐,娱乐,True
scratch,100,42,train,173,娱乐,娱乐,True
scratch,100,42,train,174,娱乐,娱乐,True
scratch,100,42,train,175,娱乐,娱乐,True
scratch,100,42,train,176,娱乐,娱乐,True
scratch,100,42,train,177,娱乐,娱乐,True
scratch,100,42,train,178,娱乐,娱乐,True
scratch,100,42,train,179,娱乐,娱乐,True
scratch,100,42,train,180,娱乐,娱乐,True
scratch,100,42,train,181,娱乐,娱乐,True
scratch,100,42,train,182,娱乐,娱乐,True
scratch,100,42,train,183,娱乐,娱乐,True
scratch,100,42,train,184,娱乐,娱乐,True
scratch,100,42,train,185,娱乐,娱乐,True
scratch,100,42,train,186,娱乐,娱乐,True
scratch,100,42,train,187,娱乐,娱乐,True
scratch,100,42,train,188,娱乐,娱乐,True
scratch,100,42,train,189,娱乐,娱乐,True
scratch,100,42,train,190,娱乐,娱乐,True
scratch,100,42,train,191,娱乐,娱乐,True
scratch,100,42,train,192,科技,科技,True
scratch,100,42,train,193,科技,科技,True
scratch,100,42,train,194,科技,科技,True
scratch,100,42,train,195,科技,科技,True
scratch,100,42,train,196,科技,科技,True
scratch,100,42,train,197,科技,科技,True
scratch,100,42,train,198,科技,科技,True
scratch,100,42,train,199,科技,科技,True
scratch,100,42,train,200,科技,科技,True
scratch,100,42,train,201,科技,科技,True
scratch,100,42,train,202,科技,科技,True
scratch,100,42,train,203,科技,科技,True
scratch,100,42,train,204,科技,科技,True
scratch,100,42,train,205,科技,科技,True
scratch,100,42,train,206,科技,科技,True
scratch,100,42,train,207,科技,科技,True
scratch,100,42,train,208,科技,科技,True
scratch,100,42,train,209,科技,科技,True
scratch,100,42,train,210,科技,科技,True
scratch,100,42,train,211,科技,科技,True
scratch,100,42,train,212,科技,科技,True
scratch,100,42,train,213,科技,科技,True
scratch,100,42,train,214,科技,科技,True
scratch,100,42,train,215,科技,科技,True
scratch,100,42,train,216,科技,科技,True
scratch,100,42,train,217,科技,科技,True
scratch,100,42,train,218,科技,科技,True
scratch,100,42,train,219,科技,科技,True
scratch,100,42,train,220,科技,科技,True
scratch,100,42,train,221,科技,科技,True
scratch,100,42,train,222,科技,科技,True
scratch,100,42,train,223,科技,科技,True
scratch,100,42,train,224,科技,科技,True
scratch,100,42,train,225,科技,科技,True
scratch,100,42,train,226,科技,科技,True
scratch,100,42,train,227,科技,科技,True
scratch,100,42,train,228,科技,科技,True
scratch,100,42,train,229,科技,科技,True
scratch,100,42,train,230,科技,科技,True
scratch,100,42,train,231,科技,科技,True
scratch,100,42,train,232,科技,科技,True
scratch,100,42,train,233,科技,科技,True
scratch,100,42,train,234,科技,科技,True
scratch,100,42,train,235,科技,科技,True
scratch,100,42,train,236,科技,科技,True
scratch,100,42,train,237,科技,科技,True
scratch,100,42,train,238,科技,科技,True
scratch,100,42,train,239,科技,科技,True
scratch,100,42,train,240,房产,房产,True
scratch,100,42,train,241,房产,房产,True
scratch,100,42,train,242,房产,房产,True
scratch,100,42,train,243,房产,房产,True
scratch,100,42,train,244,房产,房产,True
scratch,100,42,train,245,房产,房产,True
scratch,100,42,train,246,房产,房产,True
scratch,100,42,train,247,房产,房产,True
scratch,100,42,train,248,房产,房产,True
scratch,100,42,train,249,房产,房产,True
scratch,100,42,train,250,房产,房产,True
scratch,100,42,train,251,房产,房产,True
scratch,100,42,train,252,房产,房产,True
scratch,100,42,train,253,房产,房产,True
scratch,100,42,train,254,房产,房产,True
scratch,100,42,train,255,房产,房产,True
scratch,100,42,train,256,房产,房产,True
scratch,100,42,train,257,房产,房产,True
scratch,100,42,train,258,房产,房产,True
scratch,100,42,train,259,房产,房产,True
scratch,100,42,train,260,房产,房产,True
scratch,100,42,train,261,房产,房产,True
scratch,100,42,train,262,房产,房产,True
scratch,100,42,train,263,房产,房产,True
scratch,100,42,train,264,房产,房产,True
scratch,100,42,train,265,房产,房产,True
scratch,100,42,train,266,房产,房产,True
scratch,100,42,train,267,房产,房产,True
scratch,100,42,train,268,房产,房产,True
scratch,100,42,train,269,房产,房产,True
scratch,100,42,train,270,房产,房产,True
scratch,100,42,train,271,房产,房产,True
scratch,100,42,train,272,房产,房产,True
scratch,100,42,train,273,房产,房产,True
scratch,100,42,train,274,房产,房产,True
scratch,100,42,train,275,房产,房产,True
scratch,100,42,train,276,房产,房产,True
scratch,100,42,train,277,房产,房产,True
scratch,100,42,train,278,房产,房产,True
scratch,100,42,train,279,房产,房产,True
scratch,100,42,train,280,房产,房产,True
scratch,100,42,train,281,房产,房产,True
scratch,100,42,train,282,房产,房产,True
scratch,100,42,train,283,房产,房产,True
scratch,100,42,train,284,房产,房产,True
scratch,100,42,train,285,房产,房产,True
scratch,100,42,train,286,房产,房产,True
scratch,100,42,train,287,房产,房产,True
scratch,100,42,train,288,游戏,游戏,True
scratch,100,42,train,289,游戏,游戏,True
scratch,100,42,train,290,游戏,游戏,True
scratch,100,42,train,291,游戏,游戏,True
scratch,100,42,train,292,游戏,游戏,True
scratch,100,42,train,293,游戏,游戏,True
scratch,100,42,train,294,游戏,游戏,True
scratch,100,42,train,295,游戏,游戏,True
scratch,100,42,train,296,游戏,游戏,True
scratch,100,42,train,297,游戏,游戏,True
scratch,100,42,train,298,游戏,游戏,True
scratch,100,42,train,299,游戏,游戏,True
scratch,100,42,train,300,游戏,游戏,True
scratch,100,42,train,301,游戏,游戏,True
scratch,100,42,train,302,游戏,游戏,True
scratch,100,42,train,303,游戏,游戏,True
scratch,100,42,train,304,游戏,游戏,True
scratch,100,42,train,305,游戏,游戏,True
scratch,100,42,train,306,游戏,游戏,True
scratch,100,42,train,307,游戏,游戏,True
scratch,100,42,train,308,游戏,游戏,True
scratch,100,42,train,309,游戏,游戏,True
scratch,100,42,train,310,游戏,游戏,True
scratch,100,42,train,311,游戏,游戏,True
scratch,100,42,train,312,游戏,游戏,True
scratch,100,42,train,313,游戏,游戏,True
scratch,100,42,train,314,游戏,游戏,True
scratch,100,42,train,315,游戏,游戏,True
scratch,100,42,train,316,游戏,游戏,True
scratch,100,42,train,317,游戏,游戏,True
scratch,100,42,train,318,游戏,游戏,True
scratch,100,42,train,319,游戏,游戏,True
scratch,100,42,train,320,游戏,游戏,True
scratch,100,42,train,321,游戏,游戏,True
scratch,100,42,train,322,游戏,游戏,True
scratch,100,42,train,323,游戏,游戏,True
scratch,100,42,train,324,游戏,游戏,True
scratch,100,42,train,325,游戏,游戏,True
scratch,100,42,train,326,游戏,游戏,True
scratch,100,42,train,327,游戏,游戏,True
scratch,100,42,train,328,游戏,游戏,True
scratch,100,42,train,329,游戏,游戏,True
scratch,100,42,train,330,游戏,游戏,True
scratch,100,42,train,331,游戏,游戏,True
scratch,100,42,train,332,游戏,游戏,True
scratch,100,42,train,333,游戏,游戏,True
scratch,100,42,train,334,游戏,游戏,True
scratch,100,42,train,335,游戏,游戏,True
scratch,100,42,train,336,时政,时政,True
scratch,100,42,train,337,时政,时政,True
scratch,100,42,train,338,时政,时政,True
scratch,100,42,train,339,时政,时政,True
scratch,100,42,train,340,时政,时政,True
scratch,100,42,train,341,时政,时政,True
scratch,100,42,train,342,时政,时政,True
scratch,100,42,train,343,时政,时政,True
scratch,100,42,train,344,时政,时政,True
scratch,100,42,train,345,时政,时政,True
scratch,100,42,train,346,时政,时政,True
scratch,100,42,train,347,时政,时政,True
scratch,100,42,train,348,时政,时政,True
scratch,100,42,train,349,时政,时政,True
scratch,100,42,train,350,时政,时政,True
scratch,100,42,train,351,时政,时政,True
scratch,100,42,train,352,时政,时政,True
scratch,100,42,train,353,时政,时政,True
scratch,100,42,train,354,时政,时政,True
scratch,100,42,train,355,时政,时政,True
scratch,100,42,train,356,时政,时政,True
scratch,100,42,train,357,时政,时政,True
scratch,100,42,train,358,时政,时政,True
scratch,100,42,train,359,时政,时政,True
scratch,100,42,train,360,时政,时政,True
scratch,100,42,train,361,时政,时政,True
scratch,100,42,train,362,时政,时政,True
scratch,100,42,train,363,时政,时政,True
scratch,100,42,train,364,时政,时政,True
scratch,100,42,train,365,时政,时政,True
scratch,100,42,train,366,时政,时政,True
scratch,100,42,train,367,时政,时政,True
scratch,100,42,train,368,时政,时政,True
scratch,100,42,train,369,时政,时政,True
scratch,100,42,train,370,时政,时政,True
scratch,100,42,train,371,时政,时政,True
scratch,100,42,train,372,时政,时政,True
scratch,100,42,train,373,时政,时政,True
scratch,100,42,train,374,时政,时政,True
scratch,100,42,train,375,时政,时政,True
scratch,100,42,train,376,时政,时政,True
scratch,100,42,train,377,时政,时政,True
scratch,100,42,train,378,时政,时政,True
scratch,100,42,train,379,时政,时政,True
scratch,100,42,train,380,时政,时政,True
scratch,100,42,train,381,时政,时政,True
scratch,100,42,train,382,时政,时政,True
scratch,100,42,train,383,时政,时政,True
scratch,100,42,test,体育/100080.txt,体育,体育,True
scratch,100,42,test,体育/100169.txt,体育,体育,True
scratch,100,42,test,体育/100243.txt,体育,体育,True
scratch,100,42,test,体育/100269.txt,体育,体育,True
scratch,100,42,test,体育/100471.txt,体育,体育,True
scratch,100,42,test,体育/100585.txt,体育,体育,True
scratch,100,42,test,体育/100681.txt,体育,体育,True
scratch,100,42,test,体育/100739.txt,体育,体育,True
scratch,100,42,test,体育/100794.txt,体育,体育,True
scratch,100,42,test,体育/101091.txt,体育,体育,True
scratch,100,42,test,体育/101113.txt,体育,体育,True
scratch,100,42,test,体育/101115.txt,体育,体育,True
scratch,100,42,test,财经/799188.txt,财经,财经,True
scratch,100,42,test,财经/799234.txt,财经,财经,True
scratch,100,42,test,财经/799258.txt,财经,财经,True
scratch,100,42,test,财经/799288.txt,财经,财经,True
scratch,100,42,test,财经/799376.txt,财经,财经,True
scratch,100,42,test,财经/799462.txt,财经,房产,False
scratch,100,42,test,财经/799607.txt,财经,财经,True
scratch,100,42,test,财经/799690.txt,财经,财经,True
scratch,100,42,test,财经/799898.txt,财经,财经,True
scratch,100,42,test,财经/799959.txt,财经,财经,True
scratch,100,42,test,财经/799960.txt,财经,娱乐,False
scratch,100,42,test,财经/800186.txt,财经,财经,True
scratch,100,42,test,教育/284539.txt,教育,房产,False
scratch,100,42,test,教育/284583.txt,教育,教育,True
scratch,100,42,test,教育/284608.txt,教育,教育,True
scratch,100,42,test,教育/284632.txt,教育,教育,True
scratch,100,42,test,教育/284829.txt,教育,教育,True
scratch,100,42,test,教育/284956.txt,教育,教育,True
scratch,100,42,test,教育/285067.txt,教育,教育,True
scratch,100,42,test,教育/285246.txt,教育,教育,True
scratch,100,42,test,教育/285369.txt,教育,体育,False
scratch,100,42,test,教育/285374.txt,教育,教育,True
scratch,100,42,test,教育/285591.txt,教育,教育,True
scratch,100,42,test,教育/285593.txt,教育,房产,False
scratch,100,42,test,娱乐/131610.txt,娱乐,时政,False
scratch,100,42,test,娱乐/131740.txt,娱乐,科技,False
scratch,100,42,test,娱乐/131759.txt,娱乐,娱乐,True
scratch,100,42,test,娱乐/131805.txt,娱乐,娱乐,True
scratch,100,42,test,娱乐/131865.txt,娱乐,娱乐,True
scratch,100,42,test,娱乐/131933.txt,娱乐,娱乐,True
scratch,100,42,test,娱乐/132127.txt,娱乐,娱乐,True
scratch,100,42,test,娱乐/132192.txt,娱乐,娱乐,True
scratch,100,42,test,娱乐/132421.txt,娱乐,娱乐,True
scratch,100,42,test,娱乐/132573.txt,娱乐,娱乐,True
scratch,100,42,test,娱乐/132743.txt,娱乐,娱乐,True
scratch,100,42,test,娱乐/132751.txt,娱乐,娱乐,True
scratch,100,42,test,科技/481801.txt,科技,科技,True
scratch,100,42,test,科技/482102.txt,科技,科技,True
scratch,100,42,test,科技/482208.txt,科技,科技,True
scratch,100,42,test,科技/482213.txt,科技,教育,False
scratch,100,42,test,科技/482274.txt,科技,科技,True
scratch,100,42,test,科技/482388.txt,科技,科技,True
scratch,100,42,test,科技/482422.txt,科技,科技,True
scratch,100,42,test,科技/482471.txt,科技,科技,True
scratch,100,42,test,科技/482563.txt,科技,科技,True
scratch,100,42,test,科技/482742.txt,科技,体育,False
scratch,100,42,test,科技/482816.txt,科技,科技,True
scratch,100,42,test,科技/482864.txt,科技,科技,True
scratch,100,42,test,房产/264441.txt,房产,房产,True
scratch,100,42,test,房产/264447.txt,房产,房产,True
scratch,100,42,test,房产/264595.txt,房产,房产,True
scratch,100,42,test,房产/264650.txt,房产,房产,True
scratch,100,42,test,房产/264749.txt,房产,房产,True
scratch,100,42,test,房产/264755.txt,房产,房产,True
scratch,100,42,test,房产/265243.txt,房产,房产,True
scratch,100,42,test,房产/265415.txt,房产,房产,True
scratch,100,42,test,房产/265436.txt,房产,房产,True
scratch,100,42,test,房产/265449.txt,房产,房产,True
scratch,100,42,test,房产/265497.txt,房产,房产,True
scratch,100,42,test,房产/265599.txt,房产,房产,True
scratch,100,42,test,游戏/406490.txt,游戏,游戏,True
scratch,100,42,test,游戏/406677.txt,游戏,娱乐,False
scratch,100,42,test,游戏/407056.txt,游戏,游戏,True
scratch,100,42,test,游戏/407140.txt,游戏,财经,False
scratch,100,42,test,游戏/407162.txt,游戏,游戏,True
scratch,100,42,test,游戏/407222.txt,游戏,游戏,True
scratch,100,42,test,游戏/407249.txt,游戏,游戏,True
scratch,100,42,test,游戏/407254.txt,游戏,游戏,True
scratch,100,42,test,游戏/407401.txt,游戏,教育,False
scratch,100,42,test,游戏/407431.txt,游戏,游戏,True
scratch,100,42,test,游戏/407489.txt,游戏,游戏,True
scratch,100,42,test,游戏/407519.txt,游戏,游戏,True
scratch,100,42,test,时政/339771.txt,时政,时政,True
scratch,100,42,test,时政/339791.txt,时政,教育,False
scratch,100,42,test,时政/340097.txt,时政,时政,True
scratch,100,42,test,时政/340103.txt,时政,时政,True
scratch,100,42,test,时政/340147.txt,时政,科技,False
scratch,100,42,test,时政/340201.txt,时政,教育,False
scratch,100,42,test,时政/340240.txt,时政,时政,True
scratch,100,42,test,时政/340348.txt,时政,时政,True
scratch,100,42,test,时政/340490.txt,时政,娱乐,False
scratch,100,42,test,时政/340532.txt,时政,房产,False
scratch,100,42,test,时政/340798.txt,时政,房产,False
scratch,100,42,test,时政/340889.txt,时政,时政,True
scratch,250,42,train,0,体育,体育,True
scratch,250,42,train,1,体育,体育,True
scratch,250,42,train,2,体育,体育,True
scratch,250,42,train,3,体育,体育,True
scratch,250,42,train,4,体育,体育,True
scratch,250,42,train,5,体育,体育,True
scratch,250,42,train,6,体育,体育,True
scratch,250,42,train,7,体育,体育,True
scratch,250,42,train,8,体育,体育,True
scratch,250,42,train,9,体育,体育,True
scratch,250,42,train,10,体育,体育,True
scratch,250,42,train,11,体育,体育,True
scratch,250,42,train,12,体育,体育,True
scratch,250,42,train,13,体育,体育,True
scratch,250,42,train,14,体育,体育,True
scratch,250,42,train,15,体育,体育,True
scratch,250,42,train,16,体育,体育,True
scratch,250,42,train,17,体育,体育,True
scratch,250,42,train,18,体育,体育,True
scratch,250,42,train,19,体育,体育,True
scratch,250,42,train,20,体育,体育,True
scratch,250,42,train,21,体育,体育,True
scratch,250,42,train,22,体育,体育,True
scratch,250,42,train,23,体育,体育,True
scratch,250,42,train,24,体育,体育,True
scratch,250,42,train,25,体育,体育,True
scratch,250,42,train,26,体育,体育,True
scratch,250,42,train,27,体育,体育,True
scratch,250,42,train,28,体育,体育,True
scratch,250,42,train,29,体育,体育,True
scratch,250,42,train,30,体育,体育,True
scratch,250,42,train,31,体育,体育,True
scratch,250,42,train,32,体育,体育,True
scratch,250,42,train,33,体育,体育,True
scratch,250,42,train,34,体育,体育,True
scratch,250,42,train,35,体育,体育,True
scratch,250,42,train,36,体育,体育,True
scratch,250,42,train,37,体育,体育,True
scratch,250,42,train,38,体育,体育,True
scratch,250,42,train,39,体育,体育,True
scratch,250,42,train,40,体育,体育,True
scratch,250,42,train,41,体育,体育,True
scratch,250,42,train,42,体育,体育,True
scratch,250,42,train,43,体育,体育,True
scratch,250,42,train,44,体育,体育,True
scratch,250,42,train,45,体育,体育,True
scratch,250,42,train,46,体育,体育,True
scratch,250,42,train,47,体育,体育,True
scratch,250,42,train,48,财经,财经,True
scratch,250,42,train,49,财经,财经,True
scratch,250,42,train,50,财经,财经,True
scratch,250,42,train,51,财经,财经,True
scratch,250,42,train,52,财经,财经,True
scratch,250,42,train,53,财经,财经,True
scratch,250,42,train,54,财经,财经,True
scratch,250,42,train,55,财经,财经,True
scratch,250,42,train,56,财经,财经,True
scratch,250,42,train,57,财经,财经,True
scratch,250,42,train,58,财经,财经,True
scratch,250,42,train,59,财经,财经,True
scratch,250,42,train,60,财经,财经,True
scratch,250,42,train,61,财经,财经,True
scratch,250,42,train,62,财经,财经,True
scratch,250,42,train,63,财经,财经,True
scratch,250,42,train,64,财经,财经,True
scratch,250,42,train,65,财经,财经,True
scratch,250,42,train,66,财经,财经,True
scratch,250,42,train,67,财经,财经,True
scratch,250,42,train,68,财经,财经,True
scratch,250,42,train,69,财经,财经,True
scratch,250,42,train,70,财经,财经,True
scratch,250,42,train,71,财经,财经,True
scratch,250,42,train,72,财经,财经,True
scratch,250,42,train,73,财经,财经,True
scratch,250,42,train,74,财经,财经,True
scratch,250,42,train,75,财经,财经,True
scratch,250,42,train,76,财经,财经,True
scratch,250,42,train,77,财经,财经,True
scratch,250,42,train,78,财经,财经,True
scratch,250,42,train,79,财经,财经,True
scratch,250,42,train,80,财经,财经,True
scratch,250,42,train,81,财经,财经,True
scratch,250,42,train,82,财经,财经,True
scratch,250,42,train,83,财经,财经,True
scratch,250,42,train,84,财经,财经,True
scratch,250,42,train,85,财经,财经,True
scratch,250,42,train,86,财经,财经,True
scratch,250,42,train,87,财经,财经,True
scratch,250,42,train,88,财经,财经,True
scratch,250,42,train,89,财经,财经,True
scratch,250,42,train,90,财经,财经,True
scratch,250,42,train,91,财经,财经,True
scratch,250,42,train,92,财经,财经,True
scratch,250,42,train,93,财经,财经,True
scratch,250,42,train,94,财经,财经,True
scratch,250,42,train,95,财经,财经,True
scratch,250,42,train,96,教育,教育,True
scratch,250,42,train,97,教育,教育,True
scratch,250,42,train,98,教育,教育,True
scratch,250,42,train,99,教育,教育,True
scratch,250,42,train,100,教育,教育,True
scratch,250,42,train,101,教育,教育,True
scratch,250,42,train,102,教育,教育,True
scratch,250,42,train,103,教育,教育,True
scratch,250,42,train,104,教育,教育,True
scratch,250,42,train,105,教育,教育,True
scratch,250,42,train,106,教育,教育,True
scratch,250,42,train,107,教育,教育,True
scratch,250,42,train,108,教育,教育,True
scratch,250,42,train,109,教育,教育,True
scratch,250,42,train,110,教育,教育,True
scratch,250,42,train,111,教育,教育,True
scratch,250,42,train,112,教育,教育,True
scratch,250,42,train,113,教育,教育,True
scratch,250,42,train,114,教育,教育,True
scratch,250,42,train,115,教育,教育,True
scratch,250,42,train,116,教育,教育,True
scratch,250,42,train,117,教育,教育,True
scratch,250,42,train,118,教育,教育,True
scratch,250,42,train,119,教育,教育,True
scratch,250,42,train,120,教育,教育,True
scratch,250,42,train,121,教育,教育,True
scratch,250,42,train,122,教育,教育,True
scratch,250,42,train,123,教育,教育,True
scratch,250,42,train,124,教育,教育,True
scratch,250,42,train,125,教育,教育,True
scratch,250,42,train,126,教育,教育,True
scratch,250,42,train,127,教育,教育,True
scratch,250,42,train,128,教育,教育,True
scratch,250,42,train,129,教育,教育,True
scratch,250,42,train,130,教育,教育,True
scratch,250,42,train,131,教育,教育,True
scratch,250,42,train,132,教育,教育,True
scratch,250,42,train,133,教育,教育,True
scratch,250,42,train,134,教育,教育,True
scratch,250,42,train,135,教育,教育,True
scratch,250,42,train,136,教育,教育,True
scratch,250,42,train,137,教育,教育,True
scratch,250,42,train,138,教育,教育,True
scratch,250,42,train,139,教育,教育,True
scratch,250,42,train,140,教育,教育,True
scratch,250,42,train,141,教育,教育,True
scratch,250,42,train,142,教育,教育,True
scratch,250,42,train,143,教育,教育,True
scratch,250,42,train,144,娱乐,娱乐,True
scratch,250,42,train,145,娱乐,娱乐,True
scratch,250,42,train,146,娱乐,娱乐,True
scratch,250,42,train,147,娱乐,娱乐,True
scratch,250,42,train,148,娱乐,娱乐,True
scratch,250,42,train,149,娱乐,娱乐,True
scratch,250,42,train,150,娱乐,娱乐,True
scratch,250,42,train,151,娱乐,娱乐,True
scratch,250,42,train,152,娱乐,娱乐,True
scratch,250,42,train,153,娱乐,娱乐,True
scratch,250,42,train,154,娱乐,娱乐,True
scratch,250,42,train,155,娱乐,娱乐,True
scratch,250,42,train,156,娱乐,娱乐,True
scratch,250,42,train,157,娱乐,娱乐,True
scratch,250,42,train,158,娱乐,娱乐,True
scratch,250,42,train,159,娱乐,娱乐,True
scratch,250,42,train,160,娱乐,娱乐,True
scratch,250,42,train,161,娱乐,娱乐,True
scratch,250,42,train,162,娱乐,娱乐,True
scratch,250,42,train,163,娱乐,娱乐,True
scratch,250,42,train,164,娱乐,娱乐,True
scratch,250,42,train,165,娱乐,娱乐,True
scratch,250,42,train,166,娱乐,娱乐,True
scratch,250,42,train,167,娱乐,娱乐,True
scratch,250,42,train,168,娱乐,娱乐,True
scratch,250,42,train,169,娱乐,娱乐,True
scratch,250,42,train,170,娱乐,娱乐,True
scratch,250,42,train,171,娱乐,娱乐,True
scratch,250,42,train,172,娱乐,娱乐,True
scratch,250,42,train,173,娱乐,娱乐,True
scratch,250,42,train,174,娱乐,娱乐,True
scratch,250,42,train,175,娱乐,娱乐,True
scratch,250,42,train,176,娱乐,娱乐,True
scratch,250,42,train,177,娱乐,娱乐,True
scratch,250,42,train,178,娱乐,娱乐,True
scratch,250,42,train,179,娱乐,娱乐,True
scratch,250,42,train,180,娱乐,娱乐,True
scratch,250,42,train,181,娱乐,娱乐,True
scratch,250,42,train,182,娱乐,娱乐,True
scratch,250,42,train,183,娱乐,娱乐,True
scratch,250,42,train,184,娱乐,娱乐,True
scratch,250,42,train,185,娱乐,娱乐,True
scratch,250,42,train,186,娱乐,娱乐,True
scratch,250,42,train,187,娱乐,娱乐,True
scratch,250,42,train,188,娱乐,娱乐,True
scratch,250,42,train,189,娱乐,娱乐,True
scratch,250,42,train,190,娱乐,娱乐,True
scratch,250,42,train,191,娱乐,娱乐,True
scratch,250,42,train,192,科技,科技,True
scratch,250,42,train,193,科技,科技,True
scratch,250,42,train,194,科技,科技,True
scratch,250,42,train,195,科技,科技,True
scratch,250,42,train,196,科技,科技,True
scratch,250,42,train,197,科技,科技,True
scratch,250,42,train,198,科技,科技,True
scratch,250,42,train,199,科技,科技,True
scratch,250,42,train,200,科技,科技,True
scratch,250,42,train,201,科技,科技,True
scratch,250,42,train,202,科技,科技,True
scratch,250,42,train,203,科技,科技,True
scratch,250,42,train,204,科技,科技,True
scratch,250,42,train,205,科技,科技,True
scratch,250,42,train,206,科技,科技,True
scratch,250,42,train,207,科技,科技,True
scratch,250,42,train,208,科技,科技,True
scratch,250,42,train,209,科技,科技,True
scratch,250,42,train,210,科技,科技,True
scratch,250,42,train,211,科技,科技,True
scratch,250,42,train,212,科技,科技,True
scratch,250,42,train,213,科技,科技,True
scratch,250,42,train,214,科技,科技,True
scratch,250,42,train,215,科技,科技,True
scratch,250,42,train,216,科技,科技,True
scratch,250,42,train,217,科技,科技,True
scratch,250,42,train,218,科技,科技,True
scratch,250,42,train,219,科技,科技,True
scratch,250,42,train,220,科技,科技,True
scratch,250,42,train,221,科技,科技,True
scratch,250,42,train,222,科技,科技,True
scratch,250,42,train,223,科技,科技,True
scratch,250,42,train,224,科技,科技,True
scratch,250,42,train,225,科技,科技,True
scratch,250,42,train,226,科技,科技,True
scratch,250,42,train,227,科技,科技,True
scratch,250,42,train,228,科技,科技,True
scratch,250,42,train,229,科技,科技,True
scratch,250,42,train,230,科技,科技,True
scratch,250,42,train,231,科技,科技,True
scratch,250,42,train,232,科技,科技,True
scratch,250,42,train,233,科技,科技,True
scratch,250,42,train,234,科技,科技,True
scratch,250,42,train,235,科技,科技,True
scratch,250,42,train,236,科技,科技,True
scratch,250,42,train,237,科技,科技,True
scratch,250,42,train,238,科技,科技,True
scratch,250,42,train,239,科技,科技,True
scratch,250,42,train,240,房产,房产,True
scratch,250,42,train,241,房产,房产,True
scratch,250,42,train,242,房产,房产,True
scratch,250,42,train,243,房产,房产,True
scratch,250,42,train,244,房产,房产,True
scratch,250,42,train,245,房产,房产,True
scratch,250,42,train,246,房产,房产,True
scratch,250,42,train,247,房产,房产,True
scratch,250,42,train,248,房产,房产,True
scratch,250,42,train,249,房产,房产,True
scratch,250,42,train,250,房产,房产,True
scratch,250,42,train,251,房产,房产,True
scratch,250,42,train,252,房产,房产,True
scratch,250,42,train,253,房产,房产,True
scratch,250,42,train,254,房产,房产,True
scratch,250,42,train,255,房产,房产,True
scratch,250,42,train,256,房产,房产,True
scratch,250,42,train,257,房产,房产,True
scratch,250,42,train,258,房产,房产,True
scratch,250,42,train,259,房产,房产,True
scratch,250,42,train,260,房产,房产,True
scratch,250,42,train,261,房产,房产,True
scratch,250,42,train,262,房产,房产,True
scratch,250,42,train,263,房产,房产,True
scratch,250,42,train,264,房产,房产,True
scratch,250,42,train,265,房产,房产,True
scratch,250,42,train,266,房产,房产,True
scratch,250,42,train,267,房产,房产,True
scratch,250,42,train,268,房产,房产,True
scratch,250,42,train,269,房产,房产,True
scratch,250,42,train,270,房产,房产,True
scratch,250,42,train,271,房产,房产,True
scratch,250,42,train,272,房产,房产,True
scratch,250,42,train,273,房产,房产,True
scratch,250,42,train,274,房产,房产,True
scratch,250,42,train,275,房产,房产,True
scratch,250,42,train,276,房产,房产,True
scratch,250,42,train,277,房产,房产,True
scratch,250,42,train,278,房产,房产,True
scratch,250,42,train,279,房产,房产,True
scratch,250,42,train,280,房产,房产,True
scratch,250,42,train,281,房产,房产,True
scratch,250,42,train,282,房产,房产,True
scratch,250,42,train,283,房产,房产,True
scratch,250,42,train,284,房产,房产,True
scratch,250,42,train,285,房产,房产,True
scratch,250,42,train,286,房产,房产,True
scratch,250,42,train,287,房产,房产,True
scratch,250,42,train,288,游戏,游戏,True
scratch,250,42,train,289,游戏,游戏,True
scratch,250,42,train,290,游戏,游戏,True
scratch,250,42,train,291,游戏,游戏,True
scratch,250,42,train,292,游戏,游戏,True
scratch,250,42,train,293,游戏,游戏,True
scratch,250,42,train,294,游戏,游戏,True
scratch,250,42,train,295,游戏,游戏,True
scratch,250,42,train,296,游戏,游戏,True
scratch,250,42,train,297,游戏,游戏,True
scratch,250,42,train,298,游戏,游戏,True
scratch,250,42,train,299,游戏,游戏,True
scratch,250,42,train,300,游戏,游戏,True
scratch,250,42,train,301,游戏,游戏,True
scratch,250,42,train,302,游戏,游戏,True
scratch,250,42,train,303,游戏,游戏,True
scratch,250,42,train,304,游戏,游戏,True
scratch,250,42,train,305,游戏,游戏,True
scratch,250,42,train,306,游戏,游戏,True
scratch,250,42,train,307,游戏,游戏,True
scratch,250,42,train,308,游戏,游戏,True
scratch,250,42,train,309,游戏,游戏,True
scratch,250,42,train,310,游戏,游戏,True
scratch,250,42,train,311,游戏,游戏,True
scratch,250,42,train,312,游戏,游戏,True
scratch,250,42,train,313,游戏,游戏,True
scratch,250,42,train,314,游戏,游戏,True
scratch,250,42,train,315,游戏,游戏,True
scratch,250,42,train,316,游戏,游戏,True
scratch,250,42,train,317,游戏,游戏,True
scratch,250,42,train,318,游戏,游戏,True
scratch,250,42,train,319,游戏,游戏,True
scratch,250,42,train,320,游戏,游戏,True
scratch,250,42,train,321,游戏,游戏,True
scratch,250,42,train,322,游戏,游戏,True
scratch,250,42,train,323,游戏,游戏,True
scratch,250,42,train,324,游戏,游戏,True
scratch,250,42,train,325,游戏,游戏,True
scratch,250,42,train,326,游戏,游戏,True
scratch,250,42,train,327,游戏,游戏,True
scratch,250,42,train,328,游戏,游戏,True
scratch,250,42,train,329,游戏,游戏,True
scratch,250,42,train,330,游戏,游戏,True
scratch,250,42,train,331,游戏,游戏,True
scratch,250,42,train,332,游戏,游戏,True
scratch,250,42,train,333,游戏,游戏,True
scratch,250,42,train,334,游戏,游戏,True
scratch,250,42,train,335,游戏,游戏,True
scratch,250,42,train,336,时政,时政,True
scratch,250,42,train,337,时政,时政,True
scratch,250,42,train,338,时政,时政,True
scratch,250,42,train,339,时政,时政,True
scratch,250,42,train,340,时政,时政,True
scratch,250,42,train,341,时政,时政,True
scratch,250,42,train,342,时政,时政,True
scratch,250,42,train,343,时政,时政,True
scratch,250,42,train,344,时政,时政,True
scratch,250,42,train,345,时政,时政,True
scratch,250,42,train,346,时政,时政,True
scratch,250,42,train,347,时政,时政,True
scratch,250,42,train,348,时政,时政,True
scratch,250,42,train,349,时政,时政,True
scratch,250,42,train,350,时政,时政,True
scratch,250,42,train,351,时政,时政,True
scratch,250,42,train,352,时政,时政,True
scratch,250,42,train,353,时政,时政,True
scratch,250,42,train,354,时政,时政,True
scratch,250,42,train,355,时政,时政,True
scratch,250,42,train,356,时政,时政,True
scratch,250,42,train,357,时政,时政,True
scratch,250,42,train,358,时政,时政,True
scratch,250,42,train,359,时政,时政,True
scratch,250,42,train,360,时政,时政,True
scratch,250,42,train,361,时政,时政,True
scratch,250,42,train,362,时政,时政,True
scratch,250,42,train,363,时政,时政,True
scratch,250,42,train,364,时政,时政,True
scratch,250,42,train,365,时政,时政,True
scratch,250,42,train,366,时政,时政,True
scratch,250,42,train,367,时政,时政,True
scratch,250,42,train,368,时政,时政,True
scratch,250,42,train,369,时政,时政,True
scratch,250,42,train,370,时政,时政,True
scratch,250,42,train,371,时政,时政,True
scratch,250,42,train,372,时政,时政,True
scratch,250,42,train,373,时政,时政,True
scratch,250,42,train,374,时政,时政,True
scratch,250,42,train,375,时政,时政,True
scratch,250,42,train,376,时政,时政,True
scratch,250,42,train,377,时政,时政,True
scratch,250,42,train,378,时政,时政,True
scratch,250,42,train,379,时政,时政,True
scratch,250,42,train,380,时政,时政,True
scratch,250,42,train,381,时政,时政,True
scratch,250,42,train,382,时政,时政,True
scratch,250,42,train,383,时政,时政,True
scratch,250,42,test,体育/100080.txt,体育,体育,True
scratch,250,42,test,体育/100169.txt,体育,体育,True
scratch,250,42,test,体育/100243.txt,体育,体育,True
scratch,250,42,test,体育/100269.txt,体育,体育,True
scratch,250,42,test,体育/100471.txt,体育,体育,True
scratch,250,42,test,体育/100585.txt,体育,体育,True
scratch,250,42,test,体育/100681.txt,体育,体育,True
scratch,250,42,test,体育/100739.txt,体育,体育,True
scratch,250,42,test,体育/100794.txt,体育,体育,True
scratch,250,42,test,体育/101091.txt,体育,体育,True
scratch,250,42,test,体育/101113.txt,体育,体育,True
scratch,250,42,test,体育/101115.txt,体育,体育,True
scratch,250,42,test,财经/799188.txt,财经,财经,True
scratch,250,42,test,财经/799234.txt,财经,财经,True
scratch,250,42,test,财经/799258.txt,财经,财经,True
scratch,250,42,test,财经/799288.txt,财经,财经,True
scratch,250,42,test,财经/799376.txt,财经,财经,True
scratch,250,42,test,财经/799462.txt,财经,财经,True
scratch,250,42,test,财经/799607.txt,财经,财经,True
scratch,250,42,test,财经/799690.txt,财经,财经,True
scratch,250,42,test,财经/799898.txt,财经,财经,True
scratch,250,42,test,财经/799959.txt,财经,财经,True
scratch,250,42,test,财经/799960.txt,财经,财经,True
scratch,250,42,test,财经/800186.txt,财经,财经,True
scratch,250,42,test,教育/284539.txt,教育,房产,False
scratch,250,42,test,教育/284583.txt,教育,教育,True
scratch,250,42,test,教育/284608.txt,教育,教育,True
scratch,250,42,test,教育/284632.txt,教育,教育,True
scratch,250,42,test,教育/284829.txt,教育,教育,True
scratch,250,42,test,教育/284956.txt,教育,教育,True
scratch,250,42,test,教育/285067.txt,教育,教育,True
scratch,250,42,test,教育/285246.txt,教育,教育,True
scratch,250,42,test,教育/285369.txt,教育,体育,False
scratch,250,42,test,教育/285374.txt,教育,教育,True
scratch,250,42,test,教育/285591.txt,教育,教育,True
scratch,250,42,test,教育/285593.txt,教育,教育,True
scratch,250,42,test,娱乐/131610.txt,娱乐,时政,False
scratch,250,42,test,娱乐/131740.txt,娱乐,娱乐,True
scratch,250,42,test,娱乐/131759.txt,娱乐,娱乐,True
scratch,250,42,test,娱乐/131805.txt,娱乐,娱乐,True
scratch,250,42,test,娱乐/131865.txt,娱乐,娱乐,True
scratch,250,42,test,娱乐/131933.txt,娱乐,娱乐,True
scratch,250,42,test,娱乐/132127.txt,娱乐,娱乐,True
scratch,250,42,test,娱乐/132192.txt,娱乐,娱乐,True
scratch,250,42,test,娱乐/132421.txt,娱乐,娱乐,True
scratch,250,42,test,娱乐/132573.txt,娱乐,娱乐,True
scratch,250,42,test,娱乐/132743.txt,娱乐,娱乐,True
scratch,250,42,test,娱乐/132751.txt,娱乐,娱乐,True
scratch,250,42,test,科技/481801.txt,科技,科技,True
scratch,250,42,test,科技/482102.txt,科技,科技,True
scratch,250,42,test,科技/482208.txt,科技,科技,True
scratch,250,42,test,科技/482213.txt,科技,教育,False
scratch,250,42,test,科技/482274.txt,科技,科技,True
scratch,250,42,test,科技/482388.txt,科技,科技,True
scratch,250,42,test,科技/482422.txt,科技,科技,True
scratch,250,42,test,科技/482471.txt,科技,科技,True
scratch,250,42,test,科技/482563.txt,科技,科技,True
scratch,250,42,test,科技/482742.txt,科技,体育,False
scratch,250,42,test,科技/482816.txt,科技,科技,True
scratch,250,42,test,科技/482864.txt,科技,科技,True
scratch,250,42,test,房产/264441.txt,房产,房产,True
scratch,250,42,test,房产/264447.txt,房产,房产,True
scratch,250,42,test,房产/264595.txt,房产,房产,True
scratch,250,42,test,房产/264650.txt,房产,房产,True
scratch,250,42,test,房产/264749.txt,房产,房产,True
scratch,250,42,test,房产/264755.txt,房产,房产,True
scratch,250,42,test,房产/265243.txt,房产,房产,True
scratch,250,42,test,房产/265415.txt,房产,房产,True
scratch,250,42,test,房产/265436.txt,房产,房产,True
scratch,250,42,test,房产/265449.txt,房产,房产,True
scratch,250,42,test,房产/265497.txt,房产,房产,True
scratch,250,42,test,房产/265599.txt,房产,房产,True
scratch,250,42,test,游戏/406490.txt,游戏,游戏,True
scratch,250,42,test,游戏/406677.txt,游戏,娱乐,False
scratch,250,42,test,游戏/407056.txt,游戏,游戏,True
scratch,250,42,test,游戏/407140.txt,游戏,财经,False
scratch,250,42,test,游戏/407162.txt,游戏,游戏,True
scratch,250,42,test,游戏/407222.txt,游戏,游戏,True
scratch,250,42,test,游戏/407249.txt,游戏,游戏,True
scratch,250,42,test,游戏/407254.txt,游戏,游戏,True
scratch,250,42,test,游戏/407401.txt,游戏,教育,False
scratch,250,42,test,游戏/407431.txt,游戏,游戏,True
scratch,250,42,test,游戏/407489.txt,游戏,游戏,True
scratch,250,42,test,游戏/407519.txt,游戏,游戏,True
scratch,250,42,test,时政/339771.txt,时政,时政,True
scratch,250,42,test,时政/339791.txt,时政,教育,False
scratch,250,42,test,时政/340097.txt,时政,时政,True
scratch,250,42,test,时政/340103.txt,时政,时政,True
scratch,250,42,test,时政/340147.txt,时政,科技,False
scratch,250,42,test,时政/340201.txt,时政,科技,False
scratch,250,42,test,时政/340240.txt,时政,时政,True
scratch,250,42,test,时政/340348.txt,时政,时政,True
scratch,250,42,test,时政/340490.txt,时政,娱乐,False
scratch,250,42,test,时政/340532.txt,时政,房产,False
scratch,250,42,test,时政/340798.txt,时政,时政,True
scratch,250,42,test,时政/340889.txt,时政,时政,True
