classes,initialization,seed,uid,actual,predicted,probability,correct,title,body_excerpt
8,pretrained,42,教育/284539.txt,教育,房产,0.4456263482570648,False,美国室友的独到见解：中国人都会功夫(图),那一年我去美国旅游，为了节省住宿费，我没住酒店，在加利福尼亚州的一个小镇上跟几个美国人合租一套公寓。那里在举办中国文化节，举办方在镇里的歌剧院组织了京剧、中国民乐表演，在镇中心广场舞起了狮子，当地电视
8,pretrained,42,教育/285067.txt,教育,时政,0.2825276851654053,False,梦想成真：美女海归也有“空姐梦”(组图),本报讯 (记者黄琮 通讯员邵富强、南宣摄影报道)研究人体DNA排列的留学生、专业英语达到八级水平的美女硕士也来报名当空姐！近日南方航空在全国的空姐招募活动火爆异常。南航方面预计，今年空姐招募将成为有史
8,pretrained,42,教育/285369.txt,教育,游戏,0.5252817273139954,False,特别策划：爆笑连连的出国故事猜猜看,刚刚出国时想必哥们儿姐们儿都因为英文不好跟老外过招时发生过搞笑的故事吧？只有想不到，没有做不到。新浪出国为您收集了14则爆笑的故事，和大家一起分享，让我们共同回忆在国外那些懵懂、青涩但难忘的岁月。
8,pretrained,42,教育/285593.txt,教育,游戏,0.5634971261024475,False,留学生：晒晒我在耶鲁创办的杂志(组图),在耶鲁大学，学生们很乐忠于创办各种杂志期刊。每学期，都会有2到4本新杂志创刊，但可惜大都以失败而告终。我似乎总是对自己写杂志有浓厚的兴趣，由于当年gap year的时候，我已经有过一些编写杂志的经历，
8,pretrained,42,娱乐/131610.txt,娱乐,时政,0.7057898044586182,False,国家开发银行原副行长王益受贿一审被判死缓,新华网北京4月15日电(记者陈菲) 北京市第一中级人民法院15日上午对国家开发银行原副行长王益作出一审判决，认定王益犯受贿罪，判处死刑，缓期二年执行，剥夺政治权利终身，没收个人全部财产。 北京市第
8,pretrained,42,娱乐/131740.txt,娱乐,科技,0.28727853298187256,False,新周刊：陆川解读南京--生死之城生死之问(图),南京大屠杀，是72年前的事。 侵华日军在1937年12月13日之后长达数月的屠杀，超过30万中国人成为冤魂。 在当代中国人的记忆里，没有什么比它更沉重。 忘记历史就意味着背叛——那么，我们
8,pretrained,42,科技/482208.txt,科技,教育,0.4864720106124878,False,英美科学家联合研发新型增强记忆力药物,新浪科技讯 北京时间1月20日消息，据英国《泰晤士报》报道，英国和美国医药公司正在研发一系列具有可提高记忆力的潜能的药物，它们声称，不久后人们就可以利用这种药物在工作或者考试中取得更好的成绩。 虽
8,pretrained,42,房产/265436.txt,房产,财经,0.5783047676086426,False,碧桂园销售数据打架 半年88亿遭质疑,"作者：武瑾莹 碧桂园(企业专区,旗下楼盘)本月的公司通讯原计划是在下周才对外发布，但在今日就提前发布似乎是为了回应近日对其销售状况的有关质疑。 7月15日，碧桂园发布了最新的公司通讯，据碧桂园"
8,pretrained,42,房产/265449.txt,房产,财经,0.541642427444458,False,中报揭示贫富分化 楼市回暖捧红四大天王业绩,在过去一年，中国楼市经历了从持续观望到交易火爆的“过山车”式反转，也让本来硝烟弥漫的房地产业竞争愈发激烈。房地产上市公司中报预报显示，以“招(商)、保(利)、万(科)、金(地)”为龙头的房地产“四大天
8,pretrained,42,房产/265599.txt,房产,财经,0.48833155632019043,False,地产股不差钱 万科获建行授信500亿,每经记者 李文艺 发自成都 今日，房地产龙头企业万科A(000002，SZ)发布公告称，已与建设银行签署了 《战略合作协议》，建设银行将向公司提供授信额度500亿元人民币。据了解，这是继2007年
8,pretrained,42,游戏/407056.txt,游戏,体育,0.7087841629981995,False,台湾电竞 S&K联赛报道第21场战况报道,【台湾电竞联盟台湾游戏网专稿】 SF“特种部队”项目，本场比赛交战地图是“阿富汗”，由于地图狭小，2队都摆出了“5步枪”的阵形，先攻的曜越太阳神，在“闷骚步枪手”Hydra(周仕杰)开局的1打2领
8,pretrained,42,游戏/407140.txt,游戏,财经,0.5134710073471069,False,摩根士坦利：完美时空股价被低估建议增持,新浪科技讯 北京时间5月19日早间消息，据国外媒体报道，摩根士丹利今天发表报告称，《神鬼传奇》和《诛仙》将推动完美时空业绩继续增长，并认为其现时股价被低估，对其股票评级为“增持”(Overweight
