model,word1,word2,same_group,cosine
Word2Vec,足球,篮球,True,0.5974167585372925
Word2Vec,足球,比赛,True,0.28876593708992004
Word2Vec,足球,运动员,True,0.4604238271713257
Word2Vec,足球,银行,False,0.17802365124225616
Word2Vec,足球,贷款,False,0.07322243601083755
Word2Vec,足球,股票,False,0.18739938735961914
Word2Vec,足球,利率,False,0.07280241698026657
Word2Vec,足球,学校,False,0.2974293828010559
Word2Vec,足球,学生,False,0.2616964876651764
Word2Vec,足球,教师,False,0.35871440172195435
Word2Vec,足球,课程,False,0.3049571216106415
Word2Vec,足球,电脑,False,0.3491674065589905
Word2Vec,足球,软件,False,0.32836729288101196
Word2Vec,足球,网络,False,0.32363250851631165
Word2Vec,足球,芯片,False,0.29158496856689453
Word2Vec,篮球,比赛,True,0.3749030530452728
Word2Vec,篮球,运动员,True,0.5571657419204712
Word2Vec,篮球,银行,False,0.06551390886306763
Word2Vec,篮球,贷款,False,0.02551530860364437
Word2Vec,篮球,股票,False,0.11816288530826569
Word2Vec,篮球,利率,False,0.043373480439186096
Word2Vec,篮球,学校,False,0.3441198468208313
Word2Vec,篮球,学生,False,0.3818274438381195
Word2Vec,篮球,教师,False,0.37811926007270813
Word2Vec,篮球,课程,False,0.38932058215141296
Word2Vec,篮球,电脑,False,0.3812212646007538
Word2Vec,篮球,软件,False,0.19746878743171692
Word2Vec,篮球,网络,False,0.24486000835895538
Word2Vec,篮球,芯片,False,0.2275126576423645
Word2Vec,比赛,运动员,True,0.4117262363433838
Word2Vec,比赛,银行,False,0.15696993470191956
Word2Vec,比赛,贷款,False,0.22868140041828156
Word2Vec,比赛,股票,False,0.24427519738674164
Word2Vec,比赛,利率,False,0.31570950150489807
Word2Vec,比赛,学校,False,0.19555813074111938
Word2Vec,比赛,学生,False,0.25198161602020264
Word2Vec,比赛,教师,False,0.20460939407348633
Word2Vec,比赛,课程,False,0.21111145615577698
Word2Vec,比赛,电脑,False,0.2787364423274994
Word2Vec,比赛,软件,False,0.15056011080741882
Word2Vec,比赛,网络,False,0.2384374737739563
Word2Vec,比赛,芯片,False,0.13956241309642792
Word2Vec,运动员,银行,False,0.049365848302841187
Word2Vec,运动员,贷款,False,-0.010514318011701107
Word2Vec,运动员,股票,False,0.01912999525666237
Word2Vec,运动员,利率,False,0.034949131309986115
Word2Vec,运动员,学校,False,0.3791532516479492
Word2Vec,运动员,学生,False,0.5769996643066406
Word2Vec,运动员,教师,False,0.5444535613059998
Word2Vec,运动员,课程,False,0.38966137170791626
Word2Vec,运动员,电脑,False,0.2742307782173157
Word2Vec,运动员,软件,False,0.16157981753349304
Word2Vec,运动员,网络,False,0.18760798871517181
Word2Vec,运动员,芯片,False,0.15202109515666962
Word2Vec,银行,贷款,True,0.5533468723297119
Word2Vec,银行,股票,True,0.4233072102069855
Word2Vec,银行,利率,True,0.47835859656333923
Word2Vec,银行,学校,False,0.36440593004226685
Word2Vec,银行,学生,False,0.3147514760494232
Word2Vec,银行,教师,False,0.11574450880289078
Word2Vec,银行,课程,False,0.11867440491914749
Word2Vec,银行,电脑,False,0.27384260296821594
Word2Vec,银行,软件,False,0.4456635117530823
Word2Vec,银行,网络,False,0.3903340995311737
Word2Vec,银行,芯片,False,0.48995348811149597
Word2Vec,贷款,股票,True,0.36557674407958984
Word2Vec,贷款,利率,True,0.6657915115356445
Word2Vec,贷款,学校,False,0.22355854511260986
Word2Vec,贷款,学生,False,0.1990939974784851
Word2Vec,贷款,教师,False,0.16936539113521576
Word2Vec,贷款,课程,False,0.22615179419517517
Word2Vec,贷款,电脑,False,0.13115422427654266
Word2Vec,贷款,软件,False,0.2683050036430359
Word2Vec,贷款,网络,False,0.2063654512166977
Word2Vec,贷款,芯片,False,0.3538455665111542
Word2Vec,股票,利率,True,0.46469685435295105
Word2Vec,股票,学校,False,0.16741777956485748
Word2Vec,股票,学生,False,0.15009145438671112
Word2Vec,股票,教师,False,0.06992985308170319
Word2Vec,股票,课程,False,0.19984523952007294
Word2Vec,股票,电脑,False,0.22789303958415985
Word2Vec,股票,软件,False,0.31343501806259155
Word2Vec,股票,网络,False,0.1915132850408554
Word2Vec,股票,芯片,False,0.29712367057800293
Word2Vec,利率,学校,False,0.2073405683040619
Word2Vec,利率,学生,False,0.20320917665958405
Word2Vec,利率,教师,False,0.11781222373247147
Word2Vec,利率,课程,False,0.27596715092658997
Word2Vec,利率,电脑,False,0.10836370289325714
Word2Vec,利率,软件,False,0.15113066136837006
Word2Vec,利率,网络,False,0.11873176693916321
Word2Vec,利率,芯片,False,0.27298060059547424
Word2Vec,学校,学生,True,0.7599103450775146
Word2Vec,学校,教师,True,0.6135513782501221
Word2Vec,学校,课程,True,0.7097409963607788
Word2Vec,学校,电脑,False,0.2688191831111908
Word2Vec,学校,软件,False,0.27719467878341675
Word2Vec,学校,网络,False,0.2995441257953644
Word2Vec,学校,芯片,False,0.30057674646377563
Word2Vec,学生,教师,True,0.7336493730545044
Word2Vec,学生,课程,True,0.6387698650360107
Word2Vec,学生,电脑,False,0.2675764560699463
Word2Vec,学生,软件,False,0.22038502991199493
Word2Vec,学生,网络,False,0.23453742265701294
Word2Vec,学生,芯片,False,0.23692801594734192
Word2Vec,教师,课程,True,0.5426800847053528
Word2Vec,教师,电脑,False,0.2250249683856964
Word2Vec,教师,软件,False,0.19636225700378418
Word2Vec,教师,网络,False,0.2532930076122284
Word2Vec,教师,芯片,False,0.21926428377628326
Word2Vec,课程,电脑,False,0.2984669804573059
Word2Vec,课程,软件,False,0.33070775866508484
Word2Vec,课程,网络,False,0.20838405191898346
Word2Vec,课程,芯片,False,0.32656607031822205
Word2Vec,电脑,软件,True,0.6552258729934692
Word2Vec,电脑,网络,True,0.6115914583206177
Word2Vec,电脑,芯片,True,0.556460976600647
Word2Vec,软件,网络,True,0.5854161381721497
Word2Vec,软件,芯片,True,0.6397889256477356
Word2Vec,网络,芯片,True,0.5963464379310608
